file	case	cited
artifact/name.c	test_names	true
cave/find.c	test_cave_find_0	true
cave/find.c	test_cave_find_in_range_0	true
cave/find.c	test_find_nearby_grid_0	true
cave/find.c	test_unbundled_find_0	true
cave/scatter.c	test_scatter_0	true
cave/scatter.c	test_scatter_1	true
cave/scatter.c	test_scatter_2	true
cave/scatter.c	test_scatter_los	true
cave/scatter.c	test_scatter_pred	true
cave/scatter.c	test_scatter_distribution	true
command/lookup.c	test_cmd_lookup_orig	true
command/lookup.c	test_cmd_lookup_rogue	true
effects/chain.c	test_chain1_execute	true
effects/chain.c	test_chain2_execute	true
effects/chain.c	test_chain3_execute	true
effects/chain.c	test_randomneg_execute	true
effects/chain.c	test_random0_execute	true
effects/chain.c	test_random1_execute	true
effects/chain.c	test_random2_execute	true
effects/chain.c	test_randomover_execute	true
effects/chain.c	test_random_stats	true
effects/chain.c	test_nested_random_execute	true
effects/chain.c	test_selectneg_execute	true
effects/chain.c	test_select0_execute	true
effects/chain.c	test_select1_execute	true
effects/chain.c	test_select2_execute	true
effects/chain.c	test_selectover_execute	true
effects/chain.c	test_nested_select_execute	true
effects/chain.c	test_random_select_damages	true
effects/chain.c	test_random_select_avg_damage	true
effects/chain.c	test_random_select_projection	true
effects/chain.c	test_iterate1	true
effects/destruction.c	test_obj_pile_simple	true
effects/destruction.c	test_obj_pile_orphan	true
effects/earthquake.c	test_obj_pile_simple	true
effects/earthquake.c	test_obj_pile_orphan	true
effects/info.c	test_damages	true
effects/info.c	test_avg_damage	true
effects/info.c	test_projection	true
effects/info.c	test_menu_name	true
game/basic.c	test_newgame	true
game/basic.c	test_loadgame	true
game/basic.c	test_stairs1	true
game/basic.c	test_stairs2	true
game/basic.c	test_drop_pickup	true
game/basic.c	test_drop_eat	true
game/mage.c	test_magic_missile	true
message/message.c	test_empty	true
message/message.c	test_add	true
message/message.c	test_fill	true
message/message.c	test_many_repeat	true
message/message.c	test_color	true
message/message.c	test_msg	true
message/message.c	test_sound	true
message/message.c	test_bell	true
message/message.c	test_msgt	true
message/message.c	test_lookup	true
message/message.c	test_sound_lookup	false
monster/attack.c	test_blows	true
monster/attack.c	test_effects	true
monster/desc.c	test_plural_aux_0	true
monster/desc.c	test_get_mon_name_nonunique_0	true
monster/desc.c	test_get_mon_name_unique_0	true
monster/desc.c	test_monster_desc_hidden_def_0	true
monster/desc.c	test_monster_desc_hidden_indef_0	true
monster/desc.c	test_monster_desc_seen_def_0	true
monster/desc.c	test_monster_desc_seen_indef_0	true
monster/monster.c	test_match_monster_bases	false
monster/monster.c	test_nearby_kin	false
object/alloc.c	test_get_obj_num_basic	true
object/attack.c	test_breakage_chance	true
object/info.c	test_melee_weapon_damage_info	true
object/info.c	test_launched_weapon_damage_info	true
object/info.c	test_thrown_weapon_damage_info	true
object/pile.c	test_obj_piles	true
object/slays.c	test_same_monsters_slain	true
object/slays.c	test_player_has_temporary_brand	true
object/slays.c	test_player_has_temporary_slay	true
object/slays.c	test_get_monster_brand_multiplier	true
object/slays.c	test_improve_attack_modifier	true
object/slays.c	test_react_to_slay	true
object/util.c	test_obj_can_refill	true
object/util.c	test_basic_check_for_inscrip_with_int	true
object/util.c	test_object_weight_one	true
parse/a-info.c	test_missing_record_header0	true
parse/a-info.c	test_name0	true
parse/a-info.c	test_badtval0	true
parse/a-info.c	test_badtval1	false
parse/a-info.c	test_base_object0	false
parse/a-info.c	test_graphics0	false
parse/a-info.c	test_graphics_bad0	true
parse/a-info.c	test_level0	false
parse/a-info.c	test_weight0	false
parse/a-info.c	test_cost0	false
parse/a-info.c	test_alloc0	false
parse/a-info.c	test_alloc1	false
parse/a-info.c	test_alloc2	false
parse/a-info.c	test_attack0	false
parse/a-info.c	test_armor0	false
parse/a-info.c	test_flags0	false
parse/a-info.c	test_flags_bad0	true
parse/a-info.c	test_act0	false
parse/a-info.c	test_values0	false
parse/a-info.c	test_values_bad0	true
parse/a-info.c	test_time0	false
parse/a-info.c	test_msg0	false
parse/a-info.c	test_desc0	false
parse/a-info.c	test_slay0	false
parse/a-info.c	test_slay_bad0	true
parse/a-info.c	test_brand0	false
parse/a-info.c	test_brand_bad0	true
parse/a-info.c	test_curse0	false
parse/a-info.c	test_curse_bad0	true
parse/blowe.c	test_missing_record_header0	true
parse/blowe.c	test_name0	true
parse/blowe.c	test_power0	false
parse/blowe.c	test_eval0	false
parse/blowe.c	test_desc0	false
parse/blowe.c	test_lore_color_base0	false
parse/blowe.c	test_lore_color_resist0	false
parse/blowe.c	test_lore_color_immune0	false
parse/blowe.c	test_effect_type0	false
parse/blowe.c	test_effect_type_bad0	false
parse/blowe.c	test_resist0	false
parse/blowe.c	test_resist_bad0	false
parse/blowe.c	test_lash_type0	false
parse/blowe.c	test_lash_type_bad0	false
parse/blowm.c	test_missing_record_header0	true
parse/blowm.c	test_name0	true
parse/blowm.c	test_cut0	false
parse/blowm.c	test_stun0	false
parse/blowm.c	test_miss0	false
parse/blowm.c	test_phys0	false
parse/blowm.c	test_msg0	false
parse/blowm.c	test_msg_bad0	false
parse/blowm.c	test_act0	false
parse/blowm.c	test_desc0	false
parse/body.c	test_missing_record_header0	true
parse/body.c	test_body0	false
parse/body.c	test_slot0	false
parse/body.c	test_slot_bad0	false
parse/body.c	test_complete0	false
parse/brand.c	test_missing_record_header0	true
parse/brand.c	test_code0	true
parse/brand.c	test_name0	true
parse/brand.c	test_verb0	false
parse/brand.c	test_multiplier0	false
parse/brand.c	test_o_multiplier0	false
parse/brand.c	test_resist_flag0	false
parse/brand.c	test_resist_flag_bad0	true
parse/brand.c	test_vuln_flag0	false
parse/brand.c	test_vuln_flag_bad0	true
parse/brand.c	test_combined0	false
parse/c-info.c	test_missing_record_header0	true
parse/c-info.c	test_name0	true
parse/c-info.c	test_stats0	false
parse/c-info.c	test_skill_disarm_phys0	false
parse/c-info.c	test_skill_disarm_magic0	false
parse/c-info.c	test_skill_device0	false
parse/c-info.c	test_skill_save0	false
parse/c-info.c	test_skill_stealth0	false
parse/c-info.c	test_skill_search0	false
parse/c-info.c	test_skill_melee0	false
parse/c-info.c	test_skill_shoot0	false
parse/c-info.c	test_skill_throw0	false
parse/c-info.c	test_skill_dig0	false
parse/c-info.c	test_hitdie0	false
parse/c-info.c	test_exp0	false
parse/c-info.c	test_max_attacks0	false
parse/c-info.c	test_min_weight0	false
parse/c-info.c	test_strength_multiplier0	false
parse/c-info.c	test_title0	false
parse/c-info.c	test_title_bad0	false
parse/c-info.c	test_equip0	false
parse/c-info.c	test_equip_bad0	false
parse/c-info.c	test_player_flags0	false
parse/c-info.c	test_player_flags_bad0	false
parse/c-info.c	test_obj_flags0	false
parse/c-info.c	test_obj_flags_bad0	false
parse/c-info.c	test_missing_magic0	false
parse/c-info.c	test_magic0	false
parse/c-info.c	test_missing_book0	false
parse/c-info.c	test_book0	false
parse/c-info.c	test_book_graphics0	false
parse/c-info.c	test_book_properties0	false
parse/c-info.c	test_book_properties_bad0	false
parse/c-info.c	test_missing_spell0	false
parse/c-info.c	test_spell0	false
parse/c-info.c	test_missing_effect0	true
parse/c-info.c	test_effect0	false
parse/c-info.c	test_effect_yx0	false
parse/c-info.c	test_dice0	false
parse/c-info.c	test_dice_bad0	false
parse/c-info.c	test_missing_dice0	false
parse/c-info.c	test_expr0	false
parse/c-info.c	test_expr_bad0	false
parse/c-info.c	test_effect_msg0	false
parse/c-info.c	test_desc0	false
parse/c-info.c	test_spell_bad0	false
parse/c-info.c	test_book_bad0	false
parse/c-info.c	test_magic_repeated0	true
parse/curse.c	test_missing_record_header0	true
parse/curse.c	test_name0	true
parse/curse.c	test_type0	false
parse/curse.c	test_type_bad0	true
parse/curse.c	test_weight0	false
parse/curse.c	test_weight_bad0	false
parse/curse.c	test_combat0	false
parse/curse.c	test_effect0	false
parse/curse.c	test_effect_bad0	false
parse/curse.c	test_effect_yx0	false
parse/curse.c	test_dice0	false
parse/curse.c	test_dice_bad0	false
parse/curse.c	test_expr0	false
parse/curse.c	test_expr_bad0	false
parse/curse.c	test_msg0	false
parse/curse.c	test_time0	false
parse/curse.c	test_flags0	false
parse/curse.c	test_flags_bad0	true
parse/curse.c	test_values0	false
parse/curse.c	test_values_bad0	true
parse/curse.c	test_desc0	false
parse/curse.c	test_conflict0	false
parse/curse.c	test_conflict_flags0	false
parse/curse.c	test_conflict_flags_bad0	true
parse/curse.c	test_combined0	false
parse/curse.c	test_missing_effect0	true
parse/curse.c	test_missing_dice0	false
parse/e-info.c	test_missing_record_header0	true
parse/e-info.c	test_order	true
parse/e-info.c	test_name0	true
parse/e-info.c	test_info0	false
parse/e-info.c	test_alloc0	false
parse/e-info.c	test_alloc_bad0	true
parse/e-info.c	test_type0	false
parse/e-info.c	test_type_bad0	true
parse/e-info.c	test_item0	false
parse/e-info.c	test_item_bad0	true
parse/e-info.c	test_combat0	false
parse/e-info.c	test_min0	false
parse/e-info.c	test_act0	false
parse/e-info.c	test_act_bad0	false
parse/e-info.c	test_time0	false
parse/e-info.c	test_flags0	false
parse/e-info.c	test_flags_bad0	true
parse/e-info.c	test_flags_off0	false
parse/e-info.c	test_flags_off_bad0	true
parse/e-info.c	test_values0	false
parse/e-info.c	test_values_bad0	true
parse/e-info.c	test_min_values0	false
parse/e-info.c	test_min_values_bad0	true
parse/e-info.c	test_desc0	false
parse/e-info.c	test_slay0	false
parse/e-info.c	test_slay_bad0	true
parse/e-info.c	test_brand0	false
parse/e-info.c	test_brand_bad0	true
parse/e-info.c	test_curse0	false
parse/e-info.c	test_curse_bad0	true
parse/f-info.c	test_missing_header_record0	true
parse/f-info.c	test_code_bad0	true
parse/f-info.c	test_code0	true
parse/f-info.c	test_name0	true
parse/f-info.c	test_name_bad0	true
parse/f-info.c	test_graphics0	false
parse/f-info.c	test_mimic0	false
parse/f-info.c	test_mimic_bad0	false
parse/f-info.c	test_priority0	false
parse/f-info.c	test_flags0	false
parse/f-info.c	test_flags_bad0	true
parse/f-info.c	test_digging0	false
parse/f-info.c	test_digging_bad0	false
parse/f-info.c	test_desc0	false
parse/f-info.c	test_walk_msg0	false
parse/f-info.c	test_run_msg0	false
parse/f-info.c	test_hurt_msg0	false
parse/f-info.c	test_die_msg0	false
parse/f-info.c	test_confused_msg0	false
parse/f-info.c	test_look_prefix0	false
parse/f-info.c	test_look_in_preposition0	false
parse/f-info.c	test_resist_flag0	false
parse/f-info.c	test_resist_flag_bad0	true
parse/flavor.c	test_kind0	false
parse/flavor.c	test_flavor0	false
parse/flavor.c	test_fixed0	false
parse/flavor.c	test_kind_bad0	true
parse/graphics.c	test_prefs	false
parse/graphics.c	test_defaults	false
parse/h-info.c	test_missing_record_header0	true
parse/h-info.c	test_chart0	false
parse/h-info.c	test_phrase0	false
parse/hints.c	test_complete0	false
parse/k-info.c	test_missing_record_header0	true
parse/k-info.c	test_name0	true
parse/k-info.c	test_graphics0	false
parse/k-info.c	test_graphics1	false
parse/k-info.c	test_type_bad0	true
parse/k-info.c	test_type0	false
parse/k-info.c	test_level0	false
parse/k-info.c	test_weight0	false
parse/k-info.c	test_cost0	false
parse/k-info.c	test_alloc0	false
parse/k-info.c	test_alloc_bad0	true
parse/k-info.c	test_attack0	false
parse/k-info.c	test_armor0	false
parse/k-info.c	test_charges0	false
parse/k-info.c	test_pile0	false
parse/k-info.c	test_flags0	false
parse/k-info.c	test_flags_bad0	true
parse/k-info.c	test_power0	false
parse/k-info.c	test_missing_effect0	true
parse/k-info.c	test_effect0	false
parse/k-info.c	test_effect_bad0	false
parse/k-info.c	test_effect_yx0	false
parse/k-info.c	test_dice0	false
parse/k-info.c	test_dice_bad0	false
parse/k-info.c	test_missing_dice0	false
parse/k-info.c	test_expr0	false
parse/k-info.c	test_expr_bad0	false
parse/k-info.c	test_msg0	false
parse/k-info.c	test_vis_msg0	false
parse/k-info.c	test_pval0	false
parse/k-info.c	test_time0	false
parse/k-info.c	test_values0	false
parse/k-info.c	test_values_bad0	true
parse/k-info.c	test_desc0	false
parse/k-info.c	test_slay0	false
parse/k-info.c	test_slay_bad0	true
parse/k-info.c	test_brand0	false
parse/k-info.c	test_brand_bad0	true
parse/k-info.c	test_curse0	false
parse/k-info.c	test_curse_bad0	true
parse/lore.c	test_lore_parse_monster_text	false
parse/mbase.c	test_missing_record_header0	true
parse/mbase.c	test_name0	true
parse/mbase.c	test_glyph0	false
parse/mbase.c	test_pain0	false
parse/mbase.c	test_pain_bad0	false
parse/mbase.c	test_flags0	false
parse/mbase.c	test_flags_bad0	true
parse/mbase.c	test_desc0	false
parse/mbase.c	test_combined0	false
parse/mspell.c	test_missing_record0	false
parse/mspell.c	test_name_bad0	true
parse/mspell.c	test_name0	true
parse/mspell.c	test_msgt0	false
parse/mspell.c	test_msgt_bad0	false
parse/mspell.c	test_hit0	false
parse/mspell.c	test_misplaced_effect_deps0	true
parse/mspell.c	test_effect0	false
parse/mspell.c	test_effect_bad0	false
parse/mspell.c	test_effect_yx0	false
parse/mspell.c	test_dice0	false
parse/mspell.c	test_dice_bad0	false
parse/mspell.c	test_expr0	false
parse/mspell.c	test_expr_bad0	false
parse/mspell.c	test_cutoff0	true
parse/mspell.c	test_lore_color0	false
parse/mspell.c	test_lore_color_resist0	false
parse/mspell.c	test_lore_color_immune0	false
parse/mspell.c	test_lore0	true
parse/mspell.c	test_message_vis0	false
parse/mspell.c	test_message_invis0	false
parse/mspell.c	test_message_miss0	false
parse/mspell.c	test_message_save0	false
parse/names.c	test_section0	false
parse/names.c	test_word0	false
parse/names.c	test_section1	false
parse/names.c	test_word1	false
parse/names.c	test_section_bad0	false
parse/objact.c	test_missing_record_header0	true
parse/objact.c	test_name0	true
parse/objact.c	test_aim0	false
parse/objact.c	test_level0	false
parse/objact.c	test_power0	false
parse/objact.c	test_effect0	false
parse/objact.c	test_effect_bad0	false
parse/objact.c	test_dice0	false
parse/objact.c	test_dice_bad0	false
parse/objact.c	test_expr0	false
parse/objact.c	test_expr_bad0	false
parse/objact.c	test_msg0	false
parse/objact.c	test_desc0	false
parse/objact.c	test_combined0	false
parse/objact.c	test_missing_effect0	true
parse/objact.c	test_missing_dice0	false
parse/objbase.c	test_default0	true
parse/objbase.c	test_default_bad0	true
parse/objbase.c	test_missing_record_header0	true
parse/objbase.c	test_name_bad0	true
parse/objbase.c	test_name0	true
parse/objbase.c	test_graphics0	false
parse/objbase.c	test_break0	false
parse/objbase.c	test_stack0	false
parse/objbase.c	test_flags0	false
parse/objbase.c	test_flags_bad0	true
parse/objbase.c	test_default_passthrough0	true
parse/objprop.c	test_missing_record_header0	true
parse/objprop.c	test_name0	true
parse/objprop.c	test_type0	false
parse/objprop.c	test_type_bad0	true
parse/objprop.c	test_subtype0	false
parse/objprop.c	test_subtype_bad0	true
parse/objprop.c	test_id_type0	false
parse/objprop.c	test_id_type_bad0	true
parse/objprop.c	test_code0	true
parse/objprop.c	test_code_bad0	true
parse/objprop.c	test_power0	false
parse/objprop.c	test_mult0	false
parse/objprop.c	test_type_mult0	false
parse/objprop.c	test_type_mult_bad0	false
parse/objprop.c	test_adjective0	false
parse/objprop.c	test_neg_adjective0	false
parse/objprop.c	test_msg0	false
parse/objprop.c	test_desc0	false
parse/objprop.c	test_bindui0	false
parse/objprop.c	test_missing_type0	false
parse/p-info.c	test_missing_record_header0	true
parse/p-info.c	test_name0	true
parse/p-info.c	test_stats0	false
parse/p-info.c	test_skill_disarm0	false
parse/p-info.c	test_skill_device0	false
parse/p-info.c	test_skill_save0	false
parse/p-info.c	test_skill_stealth0	false
parse/p-info.c	test_skill_search0	false
parse/p-info.c	test_skill_melee0	false
parse/p-info.c	test_skill_shoot0	false
parse/p-info.c	test_skill_throw0	false
parse/p-info.c	test_skill_dig0	false
parse/p-info.c	test_hitdie0	false
parse/p-info.c	test_exp0	false
parse/p-info.c	test_infravision0	false
parse/p-info.c	test_history0	false
parse/p-info.c	test_age0	false
parse/p-info.c	test_height0	false
parse/p-info.c	test_weight0	false
parse/p-info.c	test_obj_flags0	false
parse/p-info.c	test_obj_flags_bad0	false
parse/p-info.c	test_play_flags0	false
parse/p-info.c	test_play_flags_bad0	false
parse/p-info.c	test_values0	false
parse/p-info.c	test_values_bad0	true
parse/pain.c	test_missing_record_header	false
parse/pain.c	test_type0	false
parse/pain.c	test_message0	true
parse/pain.c	test_message_bad0	false
parse/parse.c	test_blank	true
parse/parse.c	test_spaces	true
parse/parse.c	test_comment0	true
parse/parse.c	test_comment1	true
parse/parse.c	test_priv	false
parse/parse.c	test_reg0	true
parse/parse.c	test_reg1	true
parse/parse.c	test_reg2	true
parse/parse.c	test_reg3	true
parse/parse.c	test_reg4	true
parse/parse.c	test_reg5	true
parse/parse.c	test_reg_int	true
parse/parse.c	test_reg_sym	false
parse/parse.c	test_reg_str	false
parse/parse.c	test_sym0	true
parse/parse.c	test_sym1	true
parse/parse.c	test_int0	true
parse/parse.c	test_int1	true
parse/parse.c	test_str0	true
parse/parse.c	test_syntax0	true
parse/parse.c	test_syntax1	true
parse/parse.c	test_syntax2	true
parse/parse.c	test_baddir	true
parse/parse.c	test_rand0	true
parse/parse.c	test_rand1	true
parse/parse.c	test_rand_bad0	true
parse/parse.c	test_opt0	true
parse/parse.c	test_uint0	true
parse/parse.c	test_uint1	true
parse/parse.c	test_char0	true
parse/parse.c	test_char1	true
parse/parse.c	test_char2	true
parse/partrap.c	test_missing_header_record0	true
parse/partrap.c	test_name0	true
parse/partrap.c	test_graphics0	false
parse/partrap.c	test_appear0	false
parse/partrap.c	test_visibility0	false
parse/partrap.c	test_visibility_bad0	false
parse/partrap.c	test_flags0	false
parse/partrap.c	test_flags_bad0	true
parse/partrap.c	test_missing_effect0	true
parse/partrap.c	test_effect0	false
parse/partrap.c	test_effect_bad0	false
parse/partrap.c	test_effect_yx0	false
parse/partrap.c	test_dice0	false
parse/partrap.c	test_dice_bad0	false
parse/partrap.c	test_missing_dice0	false
parse/partrap.c	test_expr0	false
parse/partrap.c	test_expr_bad0	false
parse/partrap.c	test_missing_effect_xtra0	false
parse/partrap.c	test_effect_xtra0	false
parse/partrap.c	test_effect_xtra_bad0	false
parse/partrap.c	test_effect_yx_xtra0	false
parse/partrap.c	test_dice_xtra0	false
parse/partrap.c	test_dice_xtra_bad0	false
parse/partrap.c	test_missing_dice_xtra0	false
parse/partrap.c	test_expr_xtra0	false
parse/partrap.c	test_expr_xtra_bad0	false
parse/partrap.c	test_save0	false
parse/partrap.c	test_save_bad0	false
parse/partrap.c	test_desc0	false
parse/partrap.c	test_msg0	false
parse/partrap.c	test_msg_good0	false
parse/partrap.c	test_msg_bad0	false
parse/partrap.c	test_msg_xtra0	false
parse/partrap.c	test_complete0	false
parse/pit.c	test_missing_record_header0	true
parse/pit.c	test_name0	true
parse/pit.c	test_room0	false
parse/pit.c	test_alloc0	false
parse/pit.c	test_obj_rarity0	false
parse/pit.c	test_mon_base0	false
parse/pit.c	test_mon_base_bad0	false
parse/pit.c	test_mon_ban0	false
parse/pit.c	test_mon_ban_bad0	false
parse/pit.c	test_color0	false
parse/pit.c	test_flags_req0	false
parse/pit.c	test_flags_req_bad0	false
parse/pit.c	test_flags_ban0	false
parse/pit.c	test_flags_ban_bad0	false
parse/pit.c	test_innate_freq0	false
parse/pit.c	test_innate_freq_bad0	false
parse/pit.c	test_spell_req0	false
parse/pit.c	test_spell_req_bad0	false
parse/pit.c	test_spell_ban0	false
parse/pit.c	test_spell_ban_bad0	false
parse/pprop.c	test_missing_record_header0	true
parse/pprop.c	test_complete_player0	false
parse/pprop.c	test_complete_object0	false
parse/pprop.c	test_complete_element0	false
parse/pprop.c	test_name_memleak0	false
parse/pprop.c	test_code_bad0	true
parse/pprop.c	test_bindui_bad0	false
parse/proj.c	test_missing_record_header0	true
parse/proj.c	test_code0	true
parse/proj.c	test_name0	true
parse/proj.c	test_type0	false
parse/proj.c	test_desc0	false
parse/proj.c	test_player_desc0	false
parse/proj.c	test_blind_desc0	false
parse/proj.c	test_lash_desc0	false
parse/proj.c	test_numerator0	false
parse/proj.c	test_denominator0	false
parse/proj.c	test_divisor0	false
parse/proj.c	test_damage_cap0	false
parse/proj.c	test_msgt0	false
parse/proj.c	test_msgt_bad0	false
parse/proj.c	test_obvious0	false
parse/proj.c	test_wake0	false
parse/proj.c	test_color0	false
parse/proj.c	test_combined0	false
parse/proj.c	test_code_mismatch0	false
parse/ptimed.c	test_missing_record_header0	true
parse/ptimed.c	test_name0	true
parse/ptimed.c	test_badname0	false
parse/ptimed.c	test_desc0	false
parse/ptimed.c	test_endmsg0	false
parse/ptimed.c	test_incmsg0	false
parse/ptimed.c	test_decmsg0	false
parse/ptimed.c	test_msgt0	false
parse/ptimed.c	test_badmsgt0	false
parse/ptimed.c	test_fail0	false
parse/ptimed.c	test_badfail0	false
parse/ptimed.c	test_grade0	false
parse/ptimed.c	test_badgrade0	false
parse/ptimed.c	test_resist0	false
parse/ptimed.c	test_badresist0	false
parse/ptimed.c	test_brand0	false
parse/ptimed.c	test_badbrand0	false
parse/ptimed.c	test_slay0	false
parse/ptimed.c	test_badslay0	false
parse/ptimed.c	test_flagsyn0	false
parse/ptimed.c	test_badflagsyn0	false
parse/ptimed.c	test_missing_effect0	true
parse/ptimed.c	test_begineffect0	false
parse/ptimed.c	test_badbegineffect0	false
parse/ptimed.c	test_endeffect0	false
parse/ptimed.c	test_badendeffect0	false
parse/ptimed.c	test_effectyx0	false
parse/ptimed.c	test_effectdice0	false
parse/ptimed.c	test_badeffectdice0	false
parse/ptimed.c	test_effectexpr0	false
parse/ptimed.c	test_badeffectexpr0	false
parse/ptimed.c	test_effectmsg0	false
parse/ptimed.c	test_flags0	false
parse/ptimed.c	test_badflags0	false
parse/ptimed.c	test_lowerbound0	false
parse/ptimed.c	test_badlowerbound0	false
parse/r-info.c	test_missing_header_record0	true
parse/r-info.c	test_name0	true
parse/r-info.c	test_plural0	false
parse/r-info.c	test_base0	false
parse/r-info.c	test_base_bad0	false
parse/r-info.c	test_glyph0	false
parse/r-info.c	test_color0	false
parse/r-info.c	test_speed0	false
parse/r-info.c	test_hp0	false
parse/r-info.c	test_hearing0	false
parse/r-info.c	test_smell0	false
parse/r-info.c	test_ac0	false
parse/r-info.c	test_sleep0	false
parse/r-info.c	test_depth0	false
parse/r-info.c	test_rarity0	false
parse/r-info.c	test_mexp0	false
parse/r-info.c	test_blow0	false
parse/r-info.c	test_blow1	false
parse/r-info.c	test_blow_bad0	false
parse/r-info.c	test_flags0	false
parse/r-info.c	test_flags_bad0	true
parse/r-info.c	test_flags_off0	false
parse/r-info.c	test_flags_off_bad0	true
parse/r-info.c	test_desc0	false
parse/r-info.c	test_innate_freq0	false
parse/r-info.c	test_innate_freq_bad0	false
parse/r-info.c	test_spell_freq0	false
parse/r-info.c	test_spell_freq_bad0	false
parse/r-info.c	test_spell_power0	false
parse/r-info.c	test_spells0	false
parse/r-info.c	test_spells_bad0	false
parse/r-info.c	test_messagevis0	false
parse/r-info.c	test_messagevis_bad0	false
parse/r-info.c	test_messageinvis0	false
parse/r-info.c	test_messageinvis_bad0	false
parse/r-info.c	test_messagemiss0	false
parse/r-info.c	test_messagemiss_bad0	false
parse/r-info.c	test_drop0	false
parse/r-info.c	test_drop_bad0	false
parse/r-info.c	test_drop_base0	false
parse/r-info.c	test_drop_base_bad0	false
parse/r-info.c	test_friends0	false
parse/r-info.c	test_friends_bad0	false
parse/r-info.c	test_friends_base0	false
parse/r-info.c	test_friends_base_bad0	false
parse/r-info.c	test_mimic0	false
parse/r-info.c	test_mimic_bad0	false
parse/r-info.c	test_shape0	false
parse/readstore.c	test_store_bad0	false
parse/readstore.c	test_store0	false
parse/readstore.c	test_slots0	false
parse/readstore.c	test_owner0	false
parse/readstore.c	test_i0	false
parse/realm.c	test_missing_record_header0	true
parse/realm.c	test_name0	true
parse/realm.c	test_stat0	false
parse/realm.c	test_stat_bad0	false
parse/realm.c	test_verb0	false
parse/realm.c	test_spell_noun0	false
parse/realm.c	test_book_noun0	false
parse/realm.c	test_complete0	false
parse/shape.c	test_missing_record_header0	true
parse/shape.c	test_name0	true
parse/shape.c	test_combat0	false
parse/shape.c	test_disarm_phys0	false
parse/shape.c	test_disarm_magic0	false
parse/shape.c	test_save0	false
parse/shape.c	test_stealth0	false
parse/shape.c	test_search0	false
parse/shape.c	test_melee0	false
parse/shape.c	test_throw0	false
parse/shape.c	test_dig0	false
parse/shape.c	test_obj_flags0	false
parse/shape.c	test_obj_flags_bad0	false
parse/shape.c	test_player_flags0	false
parse/shape.c	test_player_flags_bad0	false
parse/shape.c	test_values0	false
parse/shape.c	test_values_bad0	true
parse/shape.c	test_missing_effect0	true
parse/shape.c	test_effect0	false
parse/shape.c	test_effect_yx0	false
parse/shape.c	test_dice0	false
parse/shape.c	test_dice_bad0	false
parse/shape.c	test_missing_dice0	false
parse/shape.c	test_expr0	false
parse/shape.c	test_expr_bad0	false
parse/shape.c	test_effect_msg0	false
parse/shape.c	test_blow0	false
parse/slay.c	test_missing_record_header0	true
parse/slay.c	test_code0	true
parse/slay.c	test_name0	true
parse/slay.c	test_race_flag0	false
parse/slay.c	test_multiplier0	false
parse/slay.c	test_o_multiplier0	false
parse/slay.c	test_power0	false
parse/slay.c	test_melee_verb0	false
parse/slay.c	test_range_verb0	false
parse/slay.c	test_combined0	false
parse/slay.c	test_base0	false
parse/slay.c	test_base_bad0	false
parse/slay.c	test_race_flag_bad0	true
parse/ui_knowledge.c	test_missing_record_header0	true
parse/ui_knowledge.c	test_category0	false
parse/ui_knowledge.c	test_include_base0	false
parse/ui_knowledge.c	test_include_base_bad0	false
parse/ui_knowledge.c	test_include_flag0	false
parse/ui_knowledge.c	test_include_flag_bad0	false
parse/ui_knowledge.c	test_include_other0	false
parse/ui_knowledge.c	test_include_other_bad0	false
parse/v-info.c	test_name0	true
parse/v-info.c	test_typ0	false
parse/v-info.c	test_rat0	false
parse/v-info.c	test_hgt0	false
parse/v-info.c	test_wid0	false
parse/v-info.c	test_min_lev0	false
parse/v-info.c	test_max_lev0	false
parse/v-info.c	test_d0	true
parse/world.c	test_complete0	false
parse/z-info.c	test_negative	true
parse/z-info.c	test_baddirective	true
parse/z-info.c	test_bad_m_crit_level	false
parse/z-info.c	test_m_crit_level	true
parse/z-info.c	test_bad_r_crit_level	false
parse/z-info.c	test_r_crit_level	false
parse/z-info.c	test_bad_o_m_crit_level	false
parse/z-info.c	test_o_m_crit_level	false
parse/z-info.c	test_bad_o_r_crit_level	false
parse/z-info.c	test_o_r_crit_level	false
player/birth.c	test_generate0	true
player/calc-inventory.c	test_calc_inventory_empty	true
player/calc-inventory.c	test_calc_inventory_only_equipped	true
player/calc-inventory.c	test_calc_inventory_only_pack	true
player/calc-inventory.c	test_calc_inventory_only_quiver	true
player/calc-inventory.c	test_calc_inventory_equipped_pack_quiver	true
player/calc-inventory.c	test_calc_inventory_oversubscribed_quiver	true
player/calc-inventory.c	test_calc_inventory_oversubscribed_quiver_slot	true
player/calc-inventory.c	test_calc_inventory_quiver_split_pile	true
player/calc-inventory.c	test_calc_inventory_equipped_throwing_inscribed	true
player/combine-pack.c	test_combine_pack_empty	true
player/combine-pack.c	test_combine_pack_only_equipped	true
player/combine-pack.c	test_combine_pack_mixed	true
player/combine-pack.c	test_combine_pack_4_2_3_assertion	true
player/digging.c	test_autoswap_side_effects	true
player/history.c	test_0	true
player/inven-carry-num.c	test_carry_num_empty_pack_empty_quiver	true
player/inven-carry-num.c	test_carry_num_partial_pack_empty_quiver	true
player/inven-carry-num.c	test_carry_num_full_pack_empty_quiver	true
player/inven-carry-num.c	test_carry_num_empty_pack_partial_quiver	true
player/inven-carry-num.c	test_carry_num_partial_pack_partial_quiver	true
player/inven-carry-num.c	test_carry_num_full_pack_partial_quiver	true
player/inven-carry-num.c	test_carry_num_empty_pack_full_quiver	true
player/inven-carry-num.c	test_carry_num_partial_pack_full_quiver	true
player/inven-carry-num.c	test_carry_num_full_pack_full_quiver	true
player/inven-carry-num.c	test_carry_num_wobbly_case_0	true
player/inven-wield.c	test_inven_wield_pack_single_empty	true
player/inven-wield.c	test_inven_wield_pack_stack_empty	true
player/inven-wield.c	test_inven_wield_pack_single_filled	true
player/inven-wield.c	test_inven_wield_pack_stack_filled	true
player/inven-wield.c	test_inven_wield_floor_single_empty	true
player/inven-wield.c	test_inven_wield_floor_stack_empty	true
player/inven-wield.c	test_inven_wield_floor_single_filled	true
player/inven-wield.c	test_inven_wield_floor_stack_filled	true
player/inven-wield.c	test_inven_wield_pack_full_no_overflow	true
player/inven-wield.c	test_inven_wield_pack_full_overflow	true
player/inven-wield.c	test_inven_wield_floor_full_overflow	true
player/inven-wield.c	test_inven_wield_ring_none	true
player/inven-wield.c	test_inven_wield_ring_one	true
player/inven-wield.c	test_inven_wield_ring_two	true
player/pathfind.c	test_dir_to	true
player/playerstat.c	test_stat_inc	true
player/playerstat.c	test_stat_dec	true
player/pscore.c	test_highscore_valid0	true
player/pscore.c	test_highscore_valid1	true
player/pscore.c	test_highscore_where0	true
player/pscore.c	test_highscore_add0	true
player/pscore.c	test_highscore_regularize0	true
player/pscore.c	test_highscore_regularize1	true
player/timed.c	test_name2idx0	true
player/timed.c	test_timed_grade_eq0	true
player/timed.c	test_set_timed0	true
player/timed.c	test_set_timed1	true
player/timed.c	test_set_timed2	true
player/timed.c	test_set_timed3	true
player/timed.c	test_set_timed4	true
player/timed.c	test_set_timed5	true
player/timed.c	test_set_timed6	true
player/timed.c	test_inc_check0	true
player/timed.c	test_inc_timed0	true
player/timed.c	test_inc_timed1	true
player/timed.c	test_dec_timed0	true
player/timed.c	test_clear_timed0	true
player/util.c	test_adjust_hp_precise	true
player/util.c	test_adjust_sp_precise	true
trivial/trivial.c	test_empty	true
trivial/trivial.c	test_require	false
z-dice/dice.c	test_alloc	true
z-dice/dice.c	test_parse_success	true
z-dice/dice.c	test_parse_failure	true
z-dice/dice.c	test_evaluate	true
z-expression/expression.c	test_alloc	true
z-expression/expression.c	test_parse_success	true
z-expression/expression.c	test_parse_failure	true
z-expression/expression.c	test_evaluate	true
z-file/filename-index.c	test_empty	true
z-file/filename-index.c	test_no_separator	false
z-file/filename-index.c	test_separator	false
z-file/path-normalize.c	test_unchanged	false
z-file/path-normalize.c	test_relative_parts	false
z-file/path-normalize.c	test_redundant_separators	false
z-file/path-normalize.c	test_working_directory	false
z-file/path-normalize.c	test_home_directory	false
z-file/path-normalize.c	test_invalid_user	false
z-file/path-normalize.c	test_invalid_unc_path	false
z-quark/quark.c	test_alloc	true
z-quark/quark.c	test_dedup	false
z-queue/qp.c	test_qp_trivial	false
z-queue/qp.c	test_qp_integer	false
z-queue/qp.c	test_qp_pointer	false
z-queue/qp.c	test_qp_pushpop	false
z-queue/qp.c	test_qp_resize	false
z-queue/qp.c	test_qp_flush	false
z-textblock/textblock.c	test_alloc	true
z-textblock/textblock.c	test_append	false
z-textblock/textblock.c	test_colour	false
z-textblock/textblock.c	test_length	false
z-textblock/textblock.c	test_append_textblock	false
z-util/guard.c	test_add_guardi	true
z-util/guard.c	test_sub_guardi	true
z-util/guard.c	test_add_guardi16	true
z-util/guard.c	test_sub_guardi16	true
z-util/meanvar.c	test_mean_trivial	false
z-util/meanvar.c	test_mean_simple	false
z-util/meanvar.c	test_mean_overflow	false
z-util/meanvar.c	test_variance_trivial	false
z-util/meanvar.c	test_variance_simple	false
z-util/meanvar.c	test_variance_overflow	false
z-util/rational.c	test_rational_construct	false
z-util/rational.c	test_rational_to_uint	false
z-util/rational.c	test_rational_product	false
z-util/rational.c	test_rational_sum	false
z-util/util.c	test_alloc	true
z-util/util.c	test_utf8_fskip	false
z-util/util.c	test_utf8_rskip	false
z-util/util.c	test_utf32_to_utf8	false
z-util/util.c	test_hex_str_to_int	false
z-util/util.c	test_strunescape	false
z-virt/mem.c	test_alloc	true
z-virt/mem.c	test_realloc	false
z-virt/string.c	test_string_make	false
z-virt/string.c	test_string_make_null	false
z-virt/string.c	test_string_free_null	false
z-virt/string.c	test_string_append	false
z-virt/string.c	test_string_append_null0	false
z-virt/string.c	test_string_append_null1	false
z-virt/string.c	test_string_append_null2	false
