bucket	file	total	MATCH	INLINE?	UNMATCHED	unmatchedStatic	names
data-init	reference/src/init.c	217	1	7	209	204	init_file_paths,create_needed_dirs,parse_constants_level_max(s),parse_constants_mon_gen(s),parse_constants_mon_play(s),parse_constants_dun_gen(s),parse_constants_world(s),parse_constants_carry_cap(s),parse_constants_store(s),parse_constants_obj_make(s),parse_constants_player(s),parse_constants_melee_critical(s),parse_constants_melee_critical_level(s),parse_constants_ranged_critical(s),parse_constants_ranged_critical_level(s),parse_constants_o_melee_critical(s),parse_constants_o_melee_critical_level(s),parse_constants_o_ranged_critical(s),parse_constants_o_ranged_critical_level(s),init_parse_constants(s),run_parse_constants(s),check_critical_levels(s),finish_parse_constants(s),cleanup_critical_levels(s),cleanup_o_critical_levels(s),cleanup_constants(s),init_game_constants,cleanup_game_constants(s),parse_world_level(s),init_parse_world(s),run_parse_world(s),finish_parse_world(s),cleanup_world(s),parse_player_prop_type(s),parse_player_prop_code(s),parse_player_prop_desc(s),parse_player_prop_name(s),parse_player_prop_value(s),parse_player_prop_bindui(s),init_parse_player_prop(s),run_parse_player_prop(s),cleanup_player_prop(s),parse_names_section(s),parse_names_word(s),init_parse_names(s),run_parse_names(s),finish_parse_names(s),cleanup_names(s),parse_trap_name(s),parse_trap_graphics(s),parse_trap_appear(s),parse_trap_visibility(s),parse_trap_effect(s),parse_trap_effect_yx(s),parse_trap_dice(s),parse_trap_expr(s),parse_trap_effect_xtra(s),parse_trap_effect_yx_xtra(s),parse_trap_dice_xtra(s),parse_trap_expr_xtra(s),parse_trap_save_flags(s),parse_trap_msg(s),parse_trap_msg_good(s),parse_trap_msg_bad(s),parse_trap_msg_xtra(s),init_parse_trap(s),run_parse_trap(s),finish_parse_trap(s),cleanup_trap(s),parse_feat_code(s),parse_feat_name(s),parse_feat_graphics(s),parse_feat_mimic(s),parse_feat_priority(s),parse_feat_flags(s),parse_feat_digging(s),parse_feat_desc(s),parse_feat_walk_msg(s),parse_feat_run_msg(s),parse_feat_hurt_msg(s),parse_feat_die_msg(s),parse_feat_confused_msg(s),parse_feat_look_prefix(s),parse_feat_look_in_preposition(s),parse_feat_resist_flag(s),init_parse_feat(s),run_parse_feat(s),finish_parse_feat(s),cleanup_feat(s),parse_body_body(s),parse_body_slot(s),init_parse_body(s),run_parse_body(s),finish_parse_body(s),cleanup_body(s),findchart(s),parse_history_chart(s),parse_history_phrase(s),init_parse_history(s),run_parse_history(s),cleanup_history(s),parse_p_race_name(s),parse_p_race_stats(s),parse_p_race_skill_disarm_phys(s),parse_p_race_skill_disarm_magic(s),parse_p_race_skill_device(s),parse_p_race_skill_save(s),parse_p_race_skill_stealth(s),parse_p_race_skill_search(s),parse_p_race_skill_melee(s),parse_p_race_skill_shoot(s),parse_p_race_skill_throw(s),parse_p_race_skill_dig(s),parse_p_race_hitdie(s),parse_p_race_exp(s),parse_p_race_infravision(s),parse_p_race_history(s),parse_p_race_age(s),parse_p_race_height(s),parse_p_race_weight(s),parse_p_race_obj_flags(s),parse_p_race_play_flags(s),init_parse_p_race(s),run_parse_p_race(s),finish_parse_p_race(s),cleanup_p_race(s),parse_realm_name(s),parse_realm_stat(s),parse_realm_verb(s),parse_realm_spell_noun(s),parse_realm_book_noun(s),init_parse_realm(s),run_parse_realm(s),finish_parse_realm(s),cleanup_realm(s),parse_shape_name(s),parse_shape_combat(s),parse_shape_skill_disarm_phys(s),parse_shape_skill_disarm_magic(s),parse_shape_skill_save(s),parse_shape_skill_stealth(s),parse_shape_skill_search(s),parse_shape_skill_melee(s),parse_shape_skill_throw(s),parse_shape_skill_dig(s),parse_shape_obj_flags(s),parse_shape_play_flags(s),parse_shape_values(s),parse_shape_effect(s),parse_shape_effect_yx(s),parse_shape_dice(s),parse_shape_expr(s),parse_shape_effect_msg(s),parse_shape_blow(s),init_parse_shape(s),run_parse_shape(s),finish_parse_shape(s),cleanup_shape(s),parse_class_name(s),parse_class_stats(s),parse_class_skill_disarm_phys(s),parse_class_skill_disarm_magic(s),parse_class_skill_device(s),parse_class_skill_save(s),parse_class_skill_stealth(s),parse_class_skill_search(s),parse_class_skill_melee(s),parse_class_skill_shoot(s),parse_class_skill_throw(s),parse_class_skill_dig(s),parse_class_hitdie(s),parse_class_exp(s),parse_class_max_attacks(s),parse_class_min_weight(s),parse_class_str_mult(s),parse_class_title(s),lookup_option(s),parse_class_equip(s),parse_class_obj_flags(s),parse_class_play_flags(s),parse_class_magic(s),parse_class_book(s),parse_class_book_graphics(s),parse_class_book_properties(s),parse_class_spell(s),parse_class_effect(s),parse_class_effect_yx(s),parse_class_dice(s),parse_class_expr(s),parse_class_effect_msg(s),parse_class_desc(s),init_parse_class(s),run_parse_class(s),finish_parse_class(s),cleanup_class(s),parse_flavor_flavor(s),parse_flavor_kind(s),init_parse_flavor(s),run_parse_flavor(s),finish_parse_flavor(s),cleanup_flavor(s),parse_hint(s),init_parse_hints(s),run_parse_hints(s),finish_parse_hints(s),cleanup_hints(s),cleanup_arrays(s),init_angband,cleanup_angband
data-init	reference/src/obj-init.c	183	1	11	171	167	parse_projection_code(s),parse_projection_name(s),parse_projection_type(s),parse_projection_desc(s),parse_projection_player_desc(s),parse_projection_blind_desc(s),parse_projection_lash_desc(s),parse_projection_numerator(s),parse_projection_denominator(s),parse_projection_divisor(s),parse_projection_damage_cap(s),parse_projection_message_type(s),parse_projection_obvious(s),parse_projection_wake(s),parse_projection_color(s),init_parse_projection(s),run_parse_projection(s),finish_parse_projection(s),cleanup_projection(s),parse_object_base_defaults(s),parse_object_base_name(s),parse_object_base_graphics(s),parse_object_base_break(s),parse_object_base_max_stack(s),parse_object_base_flags(s),init_parse_object_base,run_parse_object_base(s),finish_parse_object_base(s),cleanup_object_base(s),parse_slay_code(s),parse_slay_name(s),parse_slay_race_flag(s),parse_slay_base(s),parse_slay_multiplier(s),parse_slay_o_multiplier(s),parse_slay_power(s),parse_slay_melee_verb(s),parse_slay_range_verb(s),init_parse_slay(s),run_parse_slay(s),cleanup_slay(s),parse_brand_code(s),parse_brand_name(s),parse_brand_verb(s),parse_brand_multiplier(s),parse_brand_o_multiplier(s),parse_brand_power(s),parse_brand_resist_flag(s),parse_brand_vuln_flag(s),init_parse_brand(s),run_parse_brand(s),finish_parse_brand(s),cleanup_brand(s),parse_curse_name(s),parse_curse_type(s),parse_curse_weight(s),parse_curse_combat(s),parse_curse_flags(s),parse_curse_values(s),parse_curse_effect(s),parse_curse_effect_yx(s),parse_curse_dice(s),parse_curse_expr(s),parse_curse_msg(s),parse_curse_time(s),parse_curse_desc(s),parse_curse_conflict_flags(s),init_parse_curse(s),run_parse_curse(s),finish_parse_curse(s),cleanup_curse(s),parse_act_name(s),parse_act_aim(s),parse_act_level(s),parse_act_power(s),parse_act_effect(s),parse_act_effect_yx(s),parse_act_dice(s),parse_act_expr(s),parse_act_msg(s),parse_act_desc(s),init_parse_act(s),run_parse_act(s),cleanup_act(s),parse_object_name(s),parse_object_graphics(s),parse_object_level(s),parse_object_weight(s),parse_object_cost(s),parse_object_alloc(s),parse_object_attack(s),parse_object_armor(s),parse_object_charges(s),parse_object_pile(s),parse_object_flags(s),parse_object_power(s),parse_object_effect(s),parse_object_effect_yx(s),parse_object_dice(s),parse_object_expr(s),parse_object_msg(s),parse_object_vis_msg(s),parse_object_time(s),parse_object_desc(s),parse_object_pval(s),parse_object_values(s),parse_object_slay(s),parse_object_brand(s),parse_object_curse(s),init_parse_object,run_parse_object(s),cleanup_object(s),parse_ego_name(s),parse_ego_info(s),parse_ego_alloc(s),parse_ego_type(s),parse_ego_item(s),parse_ego_combat(s),parse_ego_min(s),parse_ego_act(s),parse_ego_time(s),parse_ego_flags(s),parse_ego_flags_off(s),parse_ego_values(s),parse_ego_min_val(s),parse_ego_desc(s),parse_ego_slay(s),parse_ego_brand(s),parse_ego_curse(s),init_parse_ego,run_parse_ego(s),finish_parse_ego(s),cleanup_ego(s),parse_artifact_base_object(s),parse_artifact_graphics(s),parse_artifact_level(s),parse_artifact_weight(s),parse_artifact_cost(s),parse_artifact_alloc(s),parse_artifact_attack(s),parse_artifact_armor(s),parse_artifact_flags(s),parse_artifact_act(s),parse_artifact_time(s),parse_artifact_msg(s),parse_artifact_values(s),parse_artifact_desc(s),parse_artifact_slay(s),parse_artifact_brand(s),parse_artifact_curse(s),init_parse_artifact,run_parse_artifact(s),cleanup_artifact(s),run_parse_randart(s),finish_parse_randart(s),parse_object_property_name(s),parse_object_property_type(s),parse_object_property_subtype(s),parse_object_property_id_type(s),parse_object_property_code(s),parse_object_property_power(s),parse_object_property_mult(s),parse_object_property_type_mult(s),parse_object_property_adjective(s),parse_object_property_neg_adj(s),parse_object_property_msg(s),parse_object_property_desc(s),parse_object_property_bindui(s),init_parse_object_property(s),run_parse_object_property(s),cleanup_object_property(s)
data-init	reference/src/mon-init.c	133	0	14	119	116	flag_index_by_name(s),findmeth(s),parse_meth_name(s),parse_meth_cut(s),parse_meth_stun(s),parse_meth_miss(s),parse_meth_phys(s),parse_meth_message_type(s),parse_meth_act_msg(s),parse_meth_desc(s),init_parse_meth(s),run_parse_meth(s),finish_parse_meth(s),cleanup_meth(s),findeff(s),parse_eff_name(s),parse_eff_power(s),parse_eff_eval(s),parse_eff_desc(s),parse_eff_lore_color(s),parse_eff_lore_color_resist(s),parse_eff_lore_color_immune(s),parse_eff_effect_type(s),parse_eff_resist(s),parse_eff_lash_type(s),init_parse_eff(s),run_parse_eff(s),finish_parse_eff(s),cleanup_eff(s),parse_pain_type(s),parse_pain_message(s),init_parse_pain,run_parse_pain(s),finish_parse_pain(s),cleanup_pain(s),parse_mon_spell_name(s),parse_mon_spell_message_type(s),parse_mon_spell_hit(s),parse_mon_spell_effect(s),parse_mon_spell_effect_yx(s),parse_mon_spell_dice(s),parse_mon_spell_expr(s),parse_mon_spell_power_cutoff(s),parse_mon_spell_lore_desc(s),parse_mon_spell_lore_color(s),parse_mon_spell_lore_color_resist(s),parse_mon_spell_lore_color_immune(s),parse_mon_spell_message(s),parse_mon_spell_blind_message(s),parse_mon_spell_miss_message(s),parse_mon_spell_save_message(s),init_parse_mon_spell(s),run_parse_mon_spell(s),finish_parse_mon_spell(s),cleanup_mon_spell(s),parse_mon_base_name(s),parse_mon_base_glyph(s),parse_mon_base_pain(s),parse_mon_base_flags(s),parse_mon_base_desc(s),init_parse_mon_base(s),run_parse_mon_base(s),finish_parse_mon_base(s),cleanup_mon_base(s),parse_monster_name(s),parse_monster_speed(s),parse_monster_hit_points(s),parse_monster_light(s),parse_monster_smell(s),parse_monster_armor_class(s),parse_monster_sleepiness(s),parse_monster_rarity(s),parse_monster_experience(s),parse_monster_blow(s),parse_monster_flags(s),parse_monster_flags_off(s),parse_monster_desc(s),add_alternate_spell_message(s),parse_monster_msg_vis(s),parse_monster_msg_invis(s),parse_monster_msg_miss(s),parse_monster_drop(s),parse_monster_drop_base(s),parse_monster_friends_base(s),parse_monster_mimic(s),parse_monster_plural(s),init_parse_monster,run_parse_monster(s),cleanup_monster(s),parse_pit_name(s),parse_pit_room(s),parse_pit_alloc(s),parse_pit_obj_rarity(s),parse_pit_mon_base(s),parse_pit_mon_ban(s),parse_pit_color(s),parse_pit_flags_req(s),parse_pit_flags_ban(s),parse_pit_spell_req(s),parse_pit_spell_ban(s),init_parse_pit,run_parse_pit(s),finish_parse_pit(s),cleanup_pits(s),parse_lore_name(s),parse_lore_base(s),parse_lore_counts(s),parse_lore_blow(s),parse_lore_flags(s),parse_lore_spells(s),parse_lore_drop(s),parse_lore_drop_base(s),parse_lore_friends(s),parse_lore_friends_base(s),parse_lore_mimic(s),init_parse_lore(s),run_parse_lore(s),finish_parse_lore(s),cleanup_lore(s)
engine	reference/src/effect-handler-general.c	91	9	7	75	2	enchant2(s),effect_handler_RANDOM,effect_handler_NOURISH,effect_handler_CRUNCH,effect_handler_CURE,effect_handler_TIMED_SET,effect_handler_TIMED_INC,effect_handler_TIMED_INC_NO_RES,effect_handler_MON_TIMED_INC,effect_handler_TIMED_DEC,effect_handler_GLYPH,effect_handler_WEB,effect_handler_RESTORE_STAT,effect_handler_DRAIN_STAT,effect_handler_LOSE_RANDOM_STAT,effect_handler_GAIN_STAT,effect_handler_RESTORE_EXP,effect_handler_GAIN_EXP,effect_handler_DRAIN_LIGHT,effect_handler_DRAIN_MANA,effect_handler_RESTORE_MANA,effect_handler_RECALL,effect_handler_DEEP_DESCENT,effect_handler_ALTER_REALITY,effect_handler_MAP_AREA,effect_handler_READ_MINDS,effect_handler_DETECT_TRAPS,effect_handler_DETECT_DOORS,effect_handler_DETECT_STAIRS,effect_handler_DETECT_ORE,effect_handler_SENSE_GOLD,effect_handler_DETECT_GOLD,tval_is_not_money(s),effect_handler_SENSE_OBJECTS,effect_handler_DETECT_OBJECTS,effect_handler_DETECT_LIVING_MONSTERS,effect_handler_DETECT_VISIBLE_MONSTERS,effect_handler_DETECT_INVISIBLE_MONSTERS,effect_handler_DETECT_FEARFUL_MONSTERS,effect_handler_DETECT_EVIL,effect_handler_DETECT_SOUL,effect_handler_IDENTIFY,effect_handler_CREATE_STAIRS,effect_handler_DISENCHANT,effect_handler_ENCHANT,effect_handler_RECHARGE,effect_handler_ACQUIRE,effect_handler_WAKE,effect_handler_BANISH,effect_handler_MASS_BANISH,effect_handler_PROBE,effect_handler_TELEPORT,effect_handler_TELEPORT_TO,effect_handler_TELEPORT_LEVEL,effect_handler_RUBBLE,effect_handler_GRANITE,effect_handler_LIGHT_LEVEL,effect_handler_DARKEN_LEVEL,effect_handler_LIGHT_AREA,effect_handler_DARKEN_AREA,effect_handler_CURSE_ARMOR,effect_handler_CURSE_WEAPON,effect_handler_BRAND_WEAPON,effect_handler_BRAND_AMMO,effect_handler_BRAND_BOLTS,effect_handler_CREATE_ARROWS,effect_handler_TAP_DEVICE,effect_handler_SHAPECHANGE,effect_handler_COMMAND,effect_handler_BIZARRE,effect_handler_SELECT,effect_handler_SET_VALUE,effect_handler_CLEAR_VALUE,effect_handler_SCRAMBLE_STATS,effect_handler_UNSCRAMBLE_STATS
frontend	reference/src/main-win.c	76	0	2	74	67	show_win_error(s),analyze_font(s),check_dir(s),validate_file(s),validate_dir(s),term_getsize(s),save_prefs_aux(s),save_prefs(s),load_prefs_aux(s),new_palette(s),init_graphics(s),load_sound_win(s),play_sound_win(s),unload_sound_win(s),open_audio_win(s),close_audio_win(s),supported_files_win(s),init_sound_win,term_window_resize(s),term_remove_font(s),term_force_font(s),term_change_font(s),term_data_redraw(s),term_data_redraw_section(s),Term_init_win(s),Term_nuke_win(s),Term_xtra_win_react(s),Term_xtra_win_event(s),Term_xtra_win_flush(s),Term_xtra_win_clear(s),Term_xtra_win_noise(s),Term_xtra_win_delay(s),Term_xtra_win(s),Term_curs_win(s),Term_bigcurs_win(s),Term_wipe_win_helper(s),Term_wipe_win(s),Term_text_win(s),Term_pict_win(s),Term_mbstowcs_win,Term_wcsz_win,Term_wctomb_win,Term_iswprint_win,Term_pict_win_alpha(s),windows_map_aux(s),windows_map(s),term_view_map_hook(s),term_data_link(s),init_windows(s),stop_screensaver(s),check_for_save_file(s),screensaver_inkey_hack(s),start_screensaver(s),open_url(s),open_local_docs(s),display_help(s),process_menus(s),handle_wm_paint(s),extract_modifiers(s),handle_keydown(s),AngbandWndProc(s),AngbandListProc(s),AngbandSaverProc,hack_plog(s),hack_quit(s),hook_plog(s),hook_quit(s),init_stuff(s),win_reinit(s),WinMain,create_savefile_tracking_file(s),monitor_existing_savefile(s),monitor_new_savefile(s),finish_monitoring_savefile(s)
ui	reference/src/ui-knowledge.c	127	5	57	65	61	default_item_id(s),default_group_id(s),actual_width(s),actual_height(s),logical_width(s),logical_height(s),display_tiles(s),place_tile_cursor(s),remove_tiles(s),tile_picker_command(s),display_glyphs(s),glyph_command(s),display_group_member(s),recall_prompt(s),m_xchar(s),mon_lore(s),count_known_monsters(s),get_artifact_display_name(s),display_artifact(s),art2gid(s),collect_known_artifacts(s),ego_grp_name(s),display_ego_item(s),obj2gid(s),o_xchar(s),o_xattr(s),o_xtra_prompt(s),o_xtra_act(s),display_rune(s),rune_var_name(s),rune_xtra_prompt(s),rune_xtra_act(s),display_feature(s),fkind_name(s),f_xattr(s),f_xchar(s),feat_lore(s),feat_prompt(s),f_xtra_act(s),display_trap(s),tkind_name(s),t_xattr(s),t_xchar(s),trap_prompt(s),t_xtra_act(s),shape_lore_helper_append_to_list(s),shape_lore_append_stat_modifiers(s),parse_monster_category(s),parse_mcat_include_base(s),parse_mcat_include_flag(s),parse_mcat_include_other(s),run_ui_knowledge_parser(s),cleanup_ui_knowledge_parsed_data(s),do_cmd_knowledge_scores(s),do_cmd_knowledge_history(s),do_cmd_knowledge_equip_cmp(s),handle_store_shortcuts(s),cleanup_main_knowledge_menu(s),textui_knowledge_init,textui_knowledge_cleanup,textui_browse_knowledge,cmp_tkill(s),cmp_pkill(s),lookup_symbol(s),do_cmd_itemlist
ui	reference/src/ui-display.c	100	6	30	64	58	prt_title(s),prt_str(s),prt_dex(s),prt_wis(s),prt_int(s),prt_con(s),prt_race(s),prt_race_class_short(s),prt_class(s),prt_level_short(s),prt_stat_short(s),prt_exp_short(s),prt_ac_short(s),prt_gold_short(s),prt_hp_short(s),prt_sp_short(s),prt_health_short(s),prt_speed_short(s),prt_depth_short(s),prt_title_short(s),update_topbar(s),hp_colour_change(s),longest_terrain_name(s),update_statusline(s),trace_map_updates(s),update_maps(s),allow_animations,disallow_animations,idle_update,bolt_pict(s),display_explosion(s),display_bolt(s),display_missile(s),update_inven_subwindow(s),update_equip_subwindow(s),toggle_inven_equip,update_itemlist_subwindow(s),update_monlist_subwindow(s),update_monster_subwindow(s),update_object_subwindow(s),update_messages_subwindow(s),update_minimap_subwindow(s),update_player0_subwindow(s),update_player1_subwindow(s),update_topbar_subwindow(s),update_player_compact_subwindow(s),flush_subwindow(s),subwindow_flag_changed(s),subwindow_set_flags(s),subwindows_set_flags,init_angband_aux(s),splashscreen_note(s),show_splashscreen(s),repeated_command_display(s),new_level_display_update(s),check_panel(s),process_character_pref_files(s),ui_enter_init(s),ui_leave_init(s),ui_enter_world(s),ui_leave_world(s),ui_enter_game(s),ui_leave_game(s),init_display
engine	reference/src/project-feat.c	57	0	1	56	56	project_feature_handler_LIGHT_WEAK(s),project_feature_handler_DARK_WEAK(s),project_feature_handler_KILL_WALL(s),project_feature_handler_KILL_DOOR(s),project_feature_handler_KILL_TRAP(s),project_feature_handler_MAKE_DOOR(s),project_feature_handler_MAKE_TRAP(s),project_feature_handler_ACID(s),project_feature_handler_ELEC(s),project_feature_handler_FIRE(s),project_feature_handler_COLD(s),project_feature_handler_POIS(s),project_feature_handler_LIGHT(s),project_feature_handler_DARK(s),project_feature_handler_SOUND(s),project_feature_handler_SHARD(s),project_feature_handler_NEXUS(s),project_feature_handler_NETHER(s),project_feature_handler_CHAOS(s),project_feature_handler_DISEN(s),project_feature_handler_WATER(s),project_feature_handler_ICE(s),project_feature_handler_GRAVITY(s),project_feature_handler_INERTIA(s),project_feature_handler_FORCE(s),project_feature_handler_TIME(s),project_feature_handler_PLASMA(s),project_feature_handler_METEOR(s),project_feature_handler_MISSILE(s),project_feature_handler_MANA(s),project_feature_handler_HOLY_ORB(s),project_feature_handler_ARROW(s),project_feature_handler_AWAY_UNDEAD(s),project_feature_handler_AWAY_EVIL(s),project_feature_handler_AWAY_SPIRIT(s),project_feature_handler_AWAY_ALL(s),project_feature_handler_TURN_UNDEAD(s),project_feature_handler_TURN_EVIL(s),project_feature_handler_TURN_LIVING(s),project_feature_handler_TURN_ALL(s),project_feature_handler_DISP_UNDEAD(s),project_feature_handler_DISP_EVIL(s),project_feature_handler_DISP_ALL(s),project_feature_handler_SLEEP_UNDEAD(s),project_feature_handler_SLEEP_EVIL(s),project_feature_handler_SLEEP_ALL(s),project_feature_handler_MON_CLONE(s),project_feature_handler_MON_POLY(s),project_feature_handler_MON_HEAL(s),project_feature_handler_MON_SPEED(s),project_feature_handler_MON_SLOW(s),project_feature_handler_MON_CONF(s),project_feature_handler_MON_HOLD(s),project_feature_handler_MON_STUN(s),project_feature_handler_MON_DRAIN(s),project_feature_handler_MON_CRUSH(s)
engine	reference/src/project-mon.c	72	2	14	56	56	project_monster_handler_ACID(s),project_monster_handler_ELEC(s),project_monster_handler_FIRE(s),project_monster_handler_COLD(s),project_monster_handler_POIS(s),project_monster_handler_LIGHT(s),project_monster_handler_DARK(s),project_monster_handler_SOUND(s),project_monster_handler_SHARD(s),project_monster_handler_NEXUS(s),project_monster_handler_NETHER(s),project_monster_handler_CHAOS(s),project_monster_handler_DISEN(s),project_monster_handler_WATER(s),project_monster_handler_ICE(s),project_monster_handler_GRAVITY(s),project_monster_handler_INERTIA(s),project_monster_handler_FORCE(s),project_monster_handler_TIME(s),project_monster_handler_PLASMA(s),project_monster_handler_METEOR(s),project_monster_handler_MISSILE(s),project_monster_handler_MANA(s),project_monster_handler_HOLY_ORB(s),project_monster_handler_ARROW(s),project_monster_handler_LIGHT_WEAK(s),project_monster_handler_DARK_WEAK(s),project_monster_handler_KILL_WALL(s),project_monster_handler_KILL_DOOR(s),project_monster_handler_KILL_TRAP(s),project_monster_handler_MAKE_DOOR(s),project_monster_handler_MAKE_TRAP(s),project_monster_handler_AWAY_UNDEAD(s),project_monster_handler_AWAY_EVIL(s),project_monster_handler_AWAY_SPIRIT(s),project_monster_handler_AWAY_ALL(s),project_monster_handler_TURN_UNDEAD(s),project_monster_handler_TURN_EVIL(s),project_monster_handler_TURN_LIVING(s),project_monster_handler_TURN_ALL(s),project_monster_handler_DISP_UNDEAD(s),project_monster_handler_DISP_EVIL(s),project_monster_handler_DISP_ALL(s),project_monster_handler_SLEEP_UNDEAD(s),project_monster_handler_SLEEP_EVIL(s),project_monster_handler_SLEEP_ALL(s),project_monster_handler_MON_CLONE(s),project_monster_handler_MON_POLY(s),project_monster_handler_MON_HEAL(s),project_monster_handler_MON_SPEED(s),project_monster_handler_MON_SLOW(s),project_monster_handler_MON_CONF(s),project_monster_handler_MON_HOLD(s),project_monster_handler_MON_STUN(s),project_monster_handler_MON_DRAIN(s),project_monster_handler_MON_CRUSH(s)
engine	reference/src/project-obj.c	59	1	3	55	55	project_object_handler_ACID(s),project_object_handler_ELEC(s),project_object_handler_FIRE(s),project_object_handler_COLD(s),project_object_handler_POIS(s),project_object_handler_LIGHT(s),project_object_handler_DARK(s),project_object_handler_SOUND(s),project_object_handler_SHARD(s),project_object_handler_NEXUS(s),project_object_handler_NETHER(s),project_object_handler_CHAOS(s),project_object_handler_DISEN(s),project_object_handler_WATER(s),project_object_handler_ICE(s),project_object_handler_GRAVITY(s),project_object_handler_INERTIA(s),project_object_handler_FORCE(s),project_object_handler_TIME(s),project_object_handler_PLASMA(s),project_object_handler_METEOR(s),project_object_handler_MISSILE(s),project_object_handler_MANA(s),project_object_handler_HOLY_ORB(s),project_object_handler_ARROW(s),project_object_handler_LIGHT_WEAK(s),project_object_handler_DARK_WEAK(s),project_object_handler_KILL_WALL(s),project_object_handler_KILL_DOOR(s),project_object_handler_MAKE_DOOR(s),project_object_handler_MAKE_TRAP(s),project_object_handler_AWAY_UNDEAD(s),project_object_handler_AWAY_EVIL(s),project_object_handler_AWAY_SPIRIT(s),project_object_handler_AWAY_ALL(s),project_object_handler_TURN_UNDEAD(s),project_object_handler_TURN_EVIL(s),project_object_handler_TURN_LIVING(s),project_object_handler_TURN_ALL(s),project_object_handler_DISP_UNDEAD(s),project_object_handler_DISP_EVIL(s),project_object_handler_DISP_ALL(s),project_object_handler_SLEEP_UNDEAD(s),project_object_handler_SLEEP_EVIL(s),project_object_handler_SLEEP_ALL(s),project_object_handler_MON_CLONE(s),project_object_handler_MON_POLY(s),project_object_handler_MON_HEAL(s),project_object_handler_MON_SPEED(s),project_object_handler_MON_SLOW(s),project_object_handler_MON_CONF(s),project_object_handler_MON_HOLD(s),project_object_handler_MON_STUN(s),project_object_handler_MON_DRAIN(s),project_object_handler_MON_CRUSH(s)
engine	reference/src/project-player.c	59	1	3	55	55	project_player_handler_ACID(s),project_player_handler_ELEC(s),project_player_handler_FIRE(s),project_player_handler_COLD(s),project_player_handler_POIS(s),project_player_handler_LIGHT(s),project_player_handler_DARK(s),project_player_handler_SOUND(s),project_player_handler_SHARD(s),project_player_handler_NEXUS(s),project_player_handler_NETHER(s),project_player_handler_CHAOS(s),project_player_handler_DISEN(s),project_player_handler_WATER(s),project_player_handler_ICE(s),project_player_handler_GRAVITY(s),project_player_handler_INERTIA(s),project_player_handler_FORCE(s),project_player_handler_TIME(s),project_player_handler_PLASMA(s),project_player_handler_METEOR(s),project_player_handler_MISSILE(s),project_player_handler_MANA(s),project_player_handler_HOLY_ORB(s),project_player_handler_ARROW(s),project_player_handler_LIGHT_WEAK(s),project_player_handler_KILL_WALL(s),project_player_handler_KILL_DOOR(s),project_player_handler_KILL_TRAP(s),project_player_handler_MAKE_DOOR(s),project_player_handler_MAKE_TRAP(s),project_player_handler_AWAY_UNDEAD(s),project_player_handler_AWAY_EVIL(s),project_player_handler_AWAY_SPIRIT(s),project_player_handler_AWAY_ALL(s),project_player_handler_TURN_UNDEAD(s),project_player_handler_TURN_EVIL(s),project_player_handler_TURN_LIVING(s),project_player_handler_TURN_ALL(s),project_player_handler_DISP_UNDEAD(s),project_player_handler_DISP_EVIL(s),project_player_handler_DISP_ALL(s),project_player_handler_SLEEP_UNDEAD(s),project_player_handler_SLEEP_EVIL(s),project_player_handler_SLEEP_ALL(s),project_player_handler_MON_CLONE(s),project_player_handler_MON_POLY(s),project_player_handler_MON_HEAL(s),project_player_handler_MON_SPEED(s),project_player_handler_MON_SLOW(s),project_player_handler_MON_CONF(s),project_player_handler_MON_HOLD(s),project_player_handler_MON_STUN(s),project_player_handler_MON_DRAIN(s),project_player_handler_MON_CRUSH(s)
ui	reference/src/ui-menu.c	54	0	1	53	29	display_action_aux(s),menu_action_tag(s),menu_action_valid(s),menu_action_display(s),menu_action_handle(s),display_string(s),handle_string(s),scrolling_get_cursor(s),display_scrolling(s),scroll_get_tag(s),scroll_process_direction(s),object_skin_get_cursor(s),object_skin_display(s),object_skin_get_tag(s),object_skin_process_direction(s),columns_get_cursor(s),display_columns(s),column_get_tag(s),column_process_direction(s),is_valid_row(s),no_valid_row(s),get_cursor_key(s),menu_row_style_for_validity(s),display_menu_row(s),menu_refresh,menu_handle_mouse,menu_handle_action(s),menu_handle_keypress,menu_find_iter,menu_find_skin(s),menu_set_filter,menu_release_filter,menu_ensure_cursor_valid,menu_calc_size(s),menu_layout,menu_setpriv,menu_priv,menu_init,menu_new,menu_new_action,menu_free,menu_set_cursor_x_offset,dynamic_valid(s),dynamic_display(s),menu_dynamic_new,menu_dynamic_add_valid,menu_dynamic_add,menu_dynamic_add_label_valid,menu_dynamic_add_label,menu_dynamic_longest_entry,menu_dynamic_calc_location,menu_dynamic_select,menu_dynamic_free
oracle	reference/src/main-stats.c	56	0	5	51	50	create_indices(s),alloc_memory(s),free_stats_memory(s),generate_player_for_stats(s),initialize_character(s),prep_output_dir(s),stats_dump_oflags(s),stats_dump_artifacts(s),stats_dump_egos(s),stats_dump_objects(s),stats_dump_monsters(s),stats_dump_lists(s),stats_dump_info(s),stats_prep_db(s),stats_lookup_index(s),get_artifact_count(s),get_consumables_count(s),get_ego_count(s),get_monster_race_count(s),extract_arr_long_long(s),extract_arr_uint32(s),extract_arr_arr_uint32(s),extract_arr_ptr_uint32(s),extract_ptr_uint32(s),convert_to_consumables_index(s),stats_write_db_level_data(s),stats_write_db_level_data_items(s),stats_write_db_wearables_count(s),stats_write_db_wearables_array(s),stats_write_db_wearables_2d_array(s),stats_write_db(s),progress_bar(s),stats_cleanup_angband_run(s),run_stats(s),term_init_stats(s),term_nuke_stats(s),term_xtra_clear(s),term_xtra_noise(s),term_xtra_fresh(s),term_xtra_shape(s),term_xtra_alive(s),term_xtra_event(s),term_xtra_flush(s),term_xtra_delay(s),term_xtra_react(s),term_xtra_stats(s),term_curs_stats(s),term_wipe_stats(s),term_text_stats(s),term_data_link(s),init_stats
engine	reference/src/wiz-stats.c	60	6	6	48	44	init_stat_vals(s),first_find(s),add_stats(s),get_obj_data(s),monster_death_stats(s),stats_monster(s),print_heading(s),print_stats(s),mean_and_stdv(s),prob_of_find(s),post_process_stats(s),scan_for_objects(s),scan_for_monsters(s),stats_collect_level(s),stats_are_enabled,initialize_covar(s),cleanup_covar(s),add_to_covar(s),compute_covar(s),dump_covar_averages(s),dump_covar_var(s),add_to_i_sum_sum2(s),stddev_i_sum_sum2(s),initialize_d_sum_sum2(s),add_to_d_sum_sum2(s),stddev_d_sum_sum2(s),initialize_tunnel_aggregate(s),cleanup_tunnel_aggregate(s),add_to_tunnel_aggregate(s),initialize_grid_count_aggregate(s),add_to_grid_count_aggregate(s),cgenstat_handle_new_level(s),cgenstat_handle_level_end(s),cgenstat_handle_new_room(s),cgenstat_handle_room_end(s),cgenstat_handle_tunnel(s),initialize_generation_stats(s),cleanup_generation_stats(s),dump_generation_stats(s),stats_are_enabled,stat_grid_counter,is_easily_traversed(s),is_floor_trap(s),is_impassable_rubble(s),is_passable_rubble(s),is_magma_treasure(s),is_quartz_treasure(s),stat_grid_counter_simple
engine	reference/src/cave-square.c	153	73	34	46	2	square_isfloor,square_istrappable,square_isgranite,square_ismagma,square_isquartz,square_iscloseddoor,square_isdoor,square_isstairs,square_isupstairs,square_isdownstairs,square_isoccupied,square_ismark,square_isglow,square_wasseen,square_isfeel,square_isinvis,square_iswall_inner,square_iswall_solid,square_ismon_restrict,square_isno_teleport,square_isno_map,square_isproject,square_is_monster_walkable,square_isnoflow,square_isnoscent,square_isunlockeddoor,square_issecrettrap,square_feat,square_light,square_excise_pile,square_excise_all_imagined,forget_remembered_objects(s),square_set_known_feat(s),square_set_mon,square_set_obj,square_set_trap,square_add_trap,square_add_web,square_add_door,square_close_door,square_unlock_door,square_destroy_door,square_tunnel_wall,square_destroy_rubble,square_force_floor,square_mark
engine	reference/src/generate.c	58	6	6	46	40	parse_profile_name(s),parse_profile_params(s),parse_profile_tunnel(s),parse_profile_streamer(s),parse_profile_room(s),parse_profile_min_level(s),parse_profile_alloc(s),init_parse_profile(s),run_parse_profile(s),finish_parse_profile(s),cleanup_profile(s),parse_room_name(s),parse_room_type(s),parse_room_rating(s),parse_room_height(s),parse_room_width(s),parse_room_doors(s),parse_room_tval(s),parse_room_flags(s),parse_room_d(s),init_parse_room(s),run_parse_room(s),finish_parse_room(s),cleanup_room(s),parse_vault_name(s),parse_vault_type(s),parse_vault_rating(s),parse_vault_rows(s),parse_vault_columns(s),parse_vault_min_depth(s),parse_vault_flags(s),parse_vault_d(s),init_parse_vault,run_parse_vault(s),finish_parse_vault(s),cleanup_vault(s),run_template_parser(s),cleanup_template_parser(s),find_cave_profile(s),get_min_level_size(s),cleanup_dun_data(s),get_room_builder_count,get_room_builder_index_from_name,get_room_builder_name_from_index,get_level_profile_index_from_name,get_level_profile_name_from_index
ui	reference/src/ui-term.c	51	0	7	44	14	term_win_nuke(s),term_win_init(s),term_win_copy(s),Term_redraw_all,Term_curs_hack(s),Term_wipe_hack(s),Term_text_hack(s),Term_pict_hack(s),Term_queue_char,Term_big_queue_char,Term_queue_chars,Term_fresh_row_pict(s),Term_fresh_row_pict_dblh(s),is_padding_changed(s),Term_fresh_row_both(s),Term_fresh_row_both_dblh(s),Term_fresh_row_text(s),Term_mark,Term_fresh,Term_set_cursor,Term_draw,Term_addch,Term_addstr,Term_big_putch,Term_erase,Term_redraw_section,Term_get_cursor,Term_get_size,Term_locate,Term_what,Term_flush,log_keypress(s),Term_keypress,Term_event_push,Term_inkey,Term_save,Term_load,Term_load_all,Term_resize,Term_activate,term_nuke,term_init,big_pad,Term_get_first_tile_row
ui	reference/src/ui-entry.c	58	5	10	43	31	bind_object_property_to_ui_entry_by_name,bind_player_ability_to_ui_entry_by_name,ui_entry_has_category,initialize_ui_entry_iterator_const,release_ui_entry_iterator,reset_ui_entry_iterator,count_ui_entry_iterator,advance_ui_entry_iterator,get_ui_entry_combiner_index,get_ui_entry_renderer_index,release_cached_object_data,release_cached_player_data,ui_entry_lookup(s),ui_entry_insert(s),ui_entry_search_categories(s),search_embryo_categories(s),insert_embryo_category(s),get_dummy_param_count(s),get_dummy_param_name(s),get_element_count(s),get_element_name(s),get_stat_count(s),get_stat_name(s),get_dummy_priority(s),get_priority_from_index(s),get_priority_from_negative_index(s),parameterize_category_list(s),initialize_shortened(s),copy_shortened_labels(s),hatch_last_embryo(s),parse_entry_name(s),parse_entry_template(s),parse_entry_parameter(s),parse_entry_renderer(s),parse_entry_combine(s),parse_entry_label(s),parse_entry_shortened_label(s),parse_entry_category(s),parse_entry_priority(s),parse_entry_flags(s),parse_entry_desc(s),finish_parse_ui_entry(s),cleanup_parse_ui_entry(s)
ui	reference/src/ui-entry-renderers.c	47	4	3	40	30	ui_entry_renderer_get_min_index,ui_entry_renderer_get_index_limit,ui_entry_renderer_get_name,ui_entry_renderer_query_value_width,ui_entry_renderer_query_combined_width,ui_entry_renderer_query_combiner,ui_entry_renderer_customize,ui_entry_renderer_get_colors,ui_entry_renderer_get_label_colors,ui_entry_renderer_get_symbols,safe_queue_chars(s),show_combined_generic(s),renderer_COMPACT_RESIST_RENDERER_WITH_COMBINED_AUX(s),valuewidth_COMPACT_RESIST_RENDERER_WITH_COMBINED_AUX(s),renderer_COMPACT_FLAG_RENDERER_WITH_COMBINED_AUX(s),valuewidth_COMPACT_FLAG_RENDERER_WITH_COMBINED_AUX(s),renderer_COMPACT_FLAG_WITH_CANCEL_RENDERER_WITH_COMBINED_AUX(s),valuewidth_COMPACT_FLAG_WITH_CANCEL_RENDERER_WITH_COMBINED_AUX(s),renderer_NUMERIC_AS_SIGN_RENDERER_WITH_COMBINED_AUX(s),valuewidth_NUMERIC_AS_SIGN_RENDERER_WITH_COMBINED_AUX(s),renderer_NUMERIC_RENDERER_WITH_COMBINED_AUX(s),valuewidth_NUMERIC_RENDERER_WITH_COMBINED_AUX(s),renderer_NUMERIC_RENDERER_WITH_BOOL_AUX(s),valuewidth_NUMERIC_RENDERER_WITH_BOOL_AUX(s),lookup_backend_by_name(s),convert_attrs_to_chars(s),convert_chars_to_attrs(s),parse_renderer_name(s),parse_renderer_code(s),parse_renderer_combine(s),parse_renderer_colors(s),parse_renderer_labelcolors(s),parse_renderer_symbols(s),parse_renderer_combined_renderer(s),parse_renderer_ndigit(s),parse_renderer_sign(s),parse_renderer_units(s),run_parse_ui_entry_renderer(s),finish_parse_ui_entry_renderer(s),cleanup_parse_ui_entry_renderer(s)
zlib	reference/src/z-file.c	39	0	4	35	2	safe_setuid_drop,safe_setuid_grab,path_parse(s),path_process(s),path_build,path_normalize,path_filename_index,file_delete,file_move,file_get_savefile,file_get_tempfile,file_newer,file_open,file_close,file_lock,file_unlock,file_skip,file_readc,file_writec,file_read,file_write,file_getl,file_put,file_vputf,dir_exists,dir_create,dir_create,my_dopen,alter_ang_dir_only_files,my_dread,my_dclose,my_dopen,alter_ang_dir_only_files,my_dread,my_dclose
zlib	reference/src/z-util.c	54	11	8	35	10	utf8_strlen,utf8_fskip,utf8_rskip,utf32_to_utf8,utf32_isprint,my_strnicmp,my_stristr,my_strcat,suffix_i,prefix_i,strskip,strescape,hex_char_to_int(s),hex_str_to_int,strunescape,text_mbstowcs,text_wctomb,text_wcsz,text_iswprint,text_wcschr,text_wcslen,plog,ini_u16n(s),zer_u16n(s),ext_u16n(s),msb_u16n(s),cmp_u16n(s),addip_u16n(s),subip_u16n(s),mul_u16n(s),div_u16n(s),my_rational_construct,my_rational_to_uint,my_rational_product,my_rational_sum
engine	reference/src/mon-blows.c	43	4	6	33	31	blow_tag_lookup(s),blow_index,melee_effect_stat(s),melee_effect_handler_HURT(s),melee_effect_handler_POISON(s),melee_effect_handler_DISENCHANT(s),melee_effect_handler_DRAIN_CHARGES(s),melee_effect_handler_EAT_GOLD(s),melee_effect_handler_EAT_ITEM(s),melee_effect_handler_EAT_FOOD(s),melee_effect_handler_EAT_LIGHT(s),melee_effect_handler_ACID(s),melee_effect_handler_ELEC(s),melee_effect_handler_FIRE(s),melee_effect_handler_COLD(s),melee_effect_handler_BLIND(s),melee_effect_handler_CONFUSE(s),melee_effect_handler_TERRIFY(s),melee_effect_handler_PARALYZE(s),melee_effect_handler_LOSE_STR(s),melee_effect_handler_LOSE_INT(s),melee_effect_handler_LOSE_WIS(s),melee_effect_handler_LOSE_DEX(s),melee_effect_handler_LOSE_CON(s),melee_effect_handler_LOSE_ALL(s),melee_effect_handler_SHATTER(s),melee_effect_handler_EXP_10(s),melee_effect_handler_EXP_20(s),melee_effect_handler_EXP_40(s),melee_effect_handler_EXP_80(s),melee_effect_handler_HALLU(s),melee_effect_handler_BLACK_BREATH(s),melee_handler_for_blow_effect
ui	reference/src/ui-entry-combiner.c	34	0	1	33	32	ui_entry_combiner_get_funcs,simple_combine_init(s),dummy_combine_accum(s),dummy_combine_finish(s),add_combine_accum_help(s),add_combine_accum(s),add_vec(s),bitwise_or_combine_accum_help(s),bitwise_or_combine_accum(s),bitwise_or_vec(s),first_vec(s),largest_combine_accum_help(s),largest_combine_accum(s),largest_vec(s),last_combine_accum(s),last_vec(s),logical_combine_init(s),logical_or_combine_accum_help(s),logical_or_combine_accum(s),logical_or_vec(s),logical_or_with_cancel_combine_init(s),logical_or_with_cancel_combine_accum_help(s),logical_or_with_cancel_combine_accum(s),logical_or_with_cancel_combine_finish(s),logical_or_with_cancel_vec(s),resist_0_combine_init(s),resist_0_combine_accum_help(s),resist_0_combine_accum(s),resist_0_combine_finish(s),resist_0_vec(s),smallest_combine_accum_help(s),smallest_combine_accum(s),smallest_vec(s)
ui	reference/src/ui-options.c	64	1	30	33	32	get_pref_path(s),dump_pref_file(s),use_option_context_menu(s),do_cmd_options_win(s),ui_keymap_pref_load(s),ui_keymap_pref_append(s),keymap_browse_hook(s),visuals_pref_load(s),visuals_dump_monsters(s),visuals_dump_objects(s),visuals_dump_features(s),visuals_dump_flavors(s),visuals_reset(s),visuals_browse_hook(s),do_cmd_visuals(s),colors_pref_load(s),colors_pref_dump(s),colors_browse_hook(s),do_cmd_pref_file_hack(s),do_dump_options(s),do_dump_autoinsc(s),do_dump_charscreen_opt(s),options_load_pref_file(s),ego_display(s),ego_action(s),quality_validity(s),quality_subdisplay(s),seen_tval(s),tag_options_item(s),valid_options_item(s),display_options_item(s),handle_options_item(s),cleanup_options
ui	reference/src/ui-prefs.c	43	0	10	33	18	remove_old_dump(s),pref_header(s),pref_footer(s),dump_monsters,dump_objects,dump_autoinscriptions,dump_features,dump_flavors,dump_colors,dump_ui_entry_renderers,option_dump,prefs_save,parse_prefs_load(s),process_pref_file_expr(s),parse_prefs_expr(s),parse_prefs_monster_base(s),parse_prefs_inscribe(s),parse_prefs_keymap_action(s),parse_prefs_keymap_input(s),parse_prefs_message(s),parse_prefs_color(s),parse_prefs_window(s),parse_prefs_entry_renderer(s),parse_prefs_dummy,finish_parse_prefs(s),process_pref_file_command,print_error(s),process_pref_file_named(s),process_pref_file_layered(s),reset_visuals,textui_prefs_init,textui_prefs_free,find_first_subwindow
ui	reference/src/ui-equip-cmp.c	50	0	20	30	30	display_equip_cmp_help(s),get_expected_easy_filter_count(s),handle_input_bail(s),handle_input_equip_cmp_general(s),display_equip_cmp_sel_help(s),handle_input_equip_cmp_select(s),dump_to_file(s),append_to_file(s),sel_better_than(s),sel_at_least_resists(s),sel_does_not_resist(s),sel_has_flag(s),sel_does_not_have_flag(s),sel_has_pos_mod(s),sel_has_nonpos_mod(s),sel_exclude_slot(s),sel_only_slot(s),apply_simple_filter(s),apply_complex_filter(s),cmp_for_sort_items(s),select_wearable(s),count_objects(s),apply_visitor_to_pile(s),check_for_two_categories(s),cleanup_summary(s),cleanup_summary_items(s),source_to_char(s),display_page(s),init_ui_equip_cmp(s),cleanup_ui_equip_cmp(s)
engine	reference/src/load.c	30	0	5	25	9	rd_item(s),rd_monster(s),rd_trap(s),rd_options,rd_object_memory,rd_quests,rd_player,rd_ignore,rd_misc,rd_artifacts,rd_player_hp,rd_player_spells,rd_gear_aux(s),rd_gear,rd_stores_aux(s),rd_dungeon_aux(s),rd_objects_aux(s),rd_monsters_aux(s),rd_traps_aux(s),rd_dungeon,rd_objects,rd_monsters,rd_chunks,rd_history,rd_null
ui	reference/src/ui-input.c	36	0	11	25	10	inkey_aux(s),inkey_ex,inkey_m,msg_flush_split_existing(s),bell_message,message_flush,clear_from,askfor_aux_keypress,askfor_aux_mouse,askfor_aux,askfor_aux_ext,get_name_keypress(s),handle_name_mouse(s),get_character_name,textui_get_string(s),get_char,get_file_text(s),textui_get_com(s),pause_line,textui_get_point(s),textui_check_break(s),textui_input_init,textui_get_count(s),key_confirm_command,textui_process_key
zlib	reference/src/z-queue.c	24	0	1	23	2	q_new,q_resize,q_len,q_push,q_pop,q_free,up_heap(s),down_heap(s),qp_new,qp_resize,qp_flush,qp_free,qp_size,qp_len,qp_push_int,qp_push_ptr,qp_pop_int,qp_pop_ptr,qp_pushpop_int,qp_pushpop_ptr,qp_peek_int,qp_peek_ptr,qp_isinvalid
engine	reference/src/save.c	29	0	7	22	6	wr_description,wr_trap(s),wr_options,wr_monster_memory,wr_object_memory,wr_quests,wr_ignore,wr_misc,wr_artifacts,wr_player_hp,wr_player_spells,wr_gear_aux(s),wr_gear,wr_dungeon_aux(s),wr_objects_aux(s),wr_monsters_aux(s),wr_traps_aux(s),wr_dungeon,wr_objects,wr_monsters,wr_traps,wr_history
engine	reference/src/player-timed.c	32	7	4	21	21	parse_player_timed_name(s),parse_player_timed_desc(s),parse_player_timed_end_message(s),parse_player_timed_increase_message(s),parse_player_timed_decrease_message(s),parse_player_timed_message_type(s),parse_player_timed_fail(s),parse_player_timed_brand(s),parse_player_timed_slay(s),parse_player_timed_on_begin_effect(s),parse_player_timed_on_end_effect(s),parse_player_timed_effect_yx(s),parse_player_timed_effect_dice(s),parse_player_timed_effect_expr(s),parse_player_timed_effect_msg(s),parse_player_timed_effect_flags(s),parse_player_timed_effect_lower_bound(s),init_parse_player_timed(s),run_parse_player_timed(s),finish_parse_player_timed(s),cleanup_player_timed(s)
engine	reference/src/effect-handler-attack.c	40	0	21	19	0	effect_handler_BOLT_OR_BEAM,effect_handler_HEAL_HP,effect_handler_MON_HEAL_HP,effect_handler_MON_HEAL_KIN,effect_handler_BOLT_STATUS,effect_handler_BOLT_STATUS_DAM,effect_handler_BOLT_AWARE,effect_handler_TOUCH_AWARE,effect_handler_DAMAGE,effect_handler_PROJECT_LOS_AWARE,effect_handler_DESTRUCTION,effect_handler_EARTHQUAKE,effect_handler_TAP_UNLIFE,effect_handler_CURSE,effect_handler_JUMP_AND_BITE,effect_handler_MOVE_ATTACK,effect_handler_SINGLE_COMBAT,effect_handler_MELEE_BLOWS,effect_handler_SWEEP
engine	reference/src/parser.c	24	0	6	18	5	parser_new,findhook(s),parser_freeold(s),parser_priv,parser_setpriv,parse_type(s),clean_specs(s),parser_destroy,parser_hasval,parser_getval(s),parser_getsym,parser_getint,parser_getuint,parser_getstr,parser_getchar,parser_getstate,parser_setstate,get_parser_error_limit
ui	reference/src/ui-game.c	22	2	3	17	3	cmd_init,cmd_lookup_key_unktrl,cmd_list_lookup_by_name,textui_process_command,textui_get_cmd,check_for_player_interrupt,pre_turn_refresh(s),cleanup_savefile_selection_strings(s),select_savefile(s),play_game,savefile_set_name,savefile_name_already_used,save_game_checked,got_savefile,got_savefile_dir,get_savefile_details,cleanup_savefile_getter
ui	reference/src/ui-object.c	32	0	15	17	10	wipe_obj_list(s),set_obj_names(s),show_obj_list(s),show_inven,show_quiver,show_equip,get_item_allow,get_tag(s),get_item_tag(s),get_item_validity(s),get_item_display(s),get_item_action(s),item_menu_browser(s),use_context_menu_list_switcher(s),display_object_recall,display_object_kind_recall,display_object_recall_interactive
ui	reference/src/ui-wizard.c	18	1	0	17	6	proj_display(s),wiz_proj_demo,wiz_display_keylog,get_art_name(s),wiz_create_item_subdisplay(s),wiz_create_item_subaction(s),wiz_create_item_display(s),wiz_create_item_action(s),wiz_create_item,wiz_confirm_quit_no_save,wiz_create_nonartifact,wiz_acquire_good,wiz_acquire_great,wiz_create_all_for_tval,wiz_learn_all_object_kinds,wiz_phase_door,wiz_teleport
engine	reference/src/datafile.c	23	6	2	15	0	run_parser,parse_file_quit_not_found,parse_file,cleanup_parser,lookup_flag,grab_base_and_int,grab_name,write_flags,write_mods,write_elements,set_archive_user_prefix,file_archive,randart_file_exists,activate_randart_file,deactivate_randart_file
ui	reference/src/ui-birth.c	29	0	14	15	13	use_context_menu_birth(s),init_birth_menu(s),free_birth_menu(s),free_birth_menus(s),clear_question(s),point_based_stats(s),point_based_misc(s),point_based_points(s),point_based_stop(s),get_name_command(s),get_screen_loc(s),textui_do_birth,ui_enter_birthscreen(s),ui_leave_birthscreen(s),ui_init_birthstate_handlers
engine	reference/src/cmd-core.c	42	4	24	14	0	cmd_release,cmd_disable_repeat_floor_item,cmd_set_arg_choice,cmd_set_arg_string,cmd_get_arg_string,cmd_get_string,cmd_set_arg_direction,cmd_get_arg_direction,cmd_set_arg_target,cmd_get_arg_target,cmd_set_arg_point,cmd_get_arg_point,cmd_set_arg_number,cmd_get_quantity
engine	reference/src/cmd-wizard.c	60	4	42	14	9	get_int_from_string(s),get_long_from_string(s),wiz_hack_map(s),wiz_play_item_notify_changed(s),wiz_play_item_standard_upkeep(s),do_cmd_wiz_change_item_quantity,do_cmd_wiz_collect_disconnect_stats,do_cmd_wiz_collect_obj_mon_stats,do_cmd_wiz_collect_pit_stats,wiz_hack_map_peek_noise(s),wiz_hack_map_peek_scent(s),wiz_hack_map_query_feature(s),wiz_hack_map_query_square_flag(s),do_cmd_wiz_quit_no_save
engine	reference/src/player-util.c	60	27	19	14	0	player_get_recall_depth,lookup_player_shape,player_shape_by_idx,player_can_read,player_can_fire,player_can_refuel,player_can_cast_prereq,player_can_study_prereq,player_can_read_prereq,player_can_fire_prereq,player_can_refuel_prereq,player_get_resting_repeat_count,player_set_resting_repeat_count,player_has_monster_in_view
zlib	reference/src/z-textblock.c	19	0	5	14	4	textblock_new,textblock_free,textblock_resize_if_needed(s),textblock_vappend_c(s),textblock_append_pict,textblock_append_textblock,textblock_text,textblock_attrs,new_line(s),textblock_calculate_lines,text_out_to_file,next_section(s),text_out_e,text_lines_to_file
engine	reference/src/obj-chest.c	26	12	1	13	12	parse_chest_trap_code(s),parse_chest_trap_level(s),parse_chest_trap_effect(s),parse_chest_trap_dice(s),parse_chest_trap_expr(s),parse_chest_trap_destroy(s),parse_chest_trap_magic(s),parse_chest_trap_msg(s),parse_chest_trap_msg_death(s),init_parse_chest_trap,run_parse_chest_trap(s),finish_parse_chest_trap(s),cleanup_chest_trap(s)
engine	reference/src/main-xxx.c	12	0	0	12	11	Term_init_xxx(s),Term_nuke_xxx(s),Term_xtra_xxx(s),Term_curs_xxx(s),Term_wipe_xxx(s),Term_text_xxx(s),Term_pict_xxx(s),term_data_link(s),init_xxx,CheckEvents(s),xxx_sound(s),init_stuff(s)
engine	reference/src/obj-util.c	58	21	25	12	0	object_test,lookup_artifact_name,lookup_ego_item,object_short_name,obj_is_activatable,obj_can_cast_from,obj_can_study,obj_can_wear,obj_is_throwing,obj_is_known_artifact,obj_has_flag,obj_is_useable
ui	reference/src/ui-output.c	25	1	12	12	1	region_calculate,region_erase_bordered,region_inside,display_area(s),textui_textblock_place,textui_textblock_show,text_out_to_screen,screen_load_all,textui_map_is_visible,panel_should_modify,textui_get_panel,textui_panel_contains
ui	reference/src/ui-visuals.c	30	0	18	12	12	visuals_color_cycle_free(s),visuals_cycle_group_new(s),visuals_cycle_group_free(s),visuals_cycler_new(s),visuals_cycler_free(s),visuals_flicker_free(s),visuals_parse_context_new(s),visuals_parse_context_free(s),visuals_file_parser_run(s),visuals_file_parser_finish(s),visuals_file_parser_cleanup(s),ui_visuals_module_cleanup(s)
engine	reference/src/game-event.c	18	0	7	11	1	game_event_dispatch(s),event_signal_flag,event_signal_point,event_signal_string,event_signal_message,event_signal_birthpoints,event_signal_blast,event_signal_bolt,event_signal_missile,event_signal_size,event_signal_tunnel
engine	reference/src/obj-pile.c	35	19	5	11	4	write_pile(s),pile_integrity_fail(s),pile_check_integrity(s),pile_last_item,pile_contains,object_free,object_pile_free,floor_carry_fail(s),scan_distant_floor,scan_items,item_is_available
engine	reference/src/player-path.c	25	10	4	11	10	convert_turn_penalty(s),compute_unlocked_penalty(s),release_pfdistances,initialize_patched_distances(s),release_patched_distances(s),clear_patched_distances(s),initialize_patch(s),has_patched_distance(s),get_patched_distance(s),set_patched_distance(s),patched_distances_to_path(s)
engine	reference/src/store.c	46	25	10	11	10	cleanup_stores(s),parse_store(s),parse_slots(s),parse_turnover(s),parse_normal(s),parse_owner(s),parse_buy(s),parse_buy_flag(s),run_parse_stores(s),finish_parse_stores(s),store_ownerbyidx
ui	reference/src/ui-signals.c	11	0	0	11	6	install_handler(s),handle_signal_disconnect(s),handle_signal_suspend(s),exit_on_signal(s),handle_signal_simple(s),handle_signal_abort(s),signals_protect,signals_init,signals_protect,signals_init,signals_perform_deferred_suspend
engine	reference/src/mon-summon.c	20	5	5	10	10	parse_summon_name(s),parse_summon_message_type(s),parse_summon_unique(s),parse_summon_base(s),parse_summon_race_flag(s),parse_summon_fallback(s),parse_summon_desc(s),init_parse_summon(s),run_parse_summon(s),cleanup_summon(s)
engine	reference/src/savefile.c	29	0	19	10	7	savefile_save,check_header(s),next_blockheader(s),find_loader(s),load_block(s),skip_block(s),try_load(s),get_desc(s),savefile_get_description,savefile_get_panic_name
ui	reference/src/ui-event.c	11	0	1	10	1	keycode_find_code,keycode_find_desc,keycode_isprint,dehex(s),keypress_from_text,keypress_to_text,keypress_to_readable,event_is_key,event_is_mouse,event_is_mouse_m
ui	reference/src/ui-map.c	14	0	4	10	7	hallucinatory_monster(s),hallucinatory_object(s),get_trap_graphics(s),get_minimap_dimensions(s),move_cursor_relative_map(s),move_cursor_relative,print_rel_map(s),print_rel,prt_map_aux(s),prt_map
engine	reference/src/gen-room.c	49	40	0	9	1	build_template,build_interesting,build_lesser_vault,build_lesser_new_vault,build_medium_vault,build_medium_new_vault,help_greater_vault(s),build_greater_vault,build_greater_new_vault
engine	reference/src/grafmode.c	12	1	2	9	7	parse_graf_name(s),parse_graf_directory(s),parse_graf_size(s),parse_graf_pref(s),parse_graf_extra(s),init_parse_grafmode(s),print_error(s),init_graphics_modes,close_graphics_modes
engine	reference/src/mon-msg.c	16	0	7	9	6	message_pain_show_damage,redundant_monster_message(s),message_flags(s),store_monster(s),stack_message(s),what_delay(s),add_monster_message_show_damage,skip_subject(s),show_monster_messages
engine	reference/src/player-birth.c	36	9	18	9	1	player_make_simple,do_birth_reset(s),do_cmd_birth_reset,do_cmd_choose_class,do_cmd_buy_stat,do_cmd_sell_stat,do_cmd_reset_stats,do_cmd_refresh_stats,do_cmd_choose_name
engine	reference/src/effects.c	18	6	4	8	7	free_effect,effect_value_base_spell_power(s),effect_value_base_player_level(s),effect_value_base_dungeon_level(s),effect_value_base_max_sight(s),effect_value_base_weapon_damage(s),effect_value_base_player_hp(s),effect_value_base_monster_percent_hp_gone(s)
engine	reference/src/gen-util.c	37	25	4	8	2	cave_find_reset,vault_trap_aux(s),dump_level_simple,dump_level,dump_level_escaped_string(s),dump_level_header,dump_level_body,dump_level_footer
engine	reference/src/option.c	14	2	4	8	2	parse_option(s),option_type_name,option_desc,option_type,option_is_cheat(s),options_save_custom,options_restore_custom,clean_options
engine	reference/src/snd-sdl.c	8	0	0	8	7	open_audio_sdl(s),load_sample_sdl(s),load_sound_sdl(s),play_sound_sdl(s),unload_sound_sdl(s),close_audio_sdl(s),supported_files_sdl(s),init_sound_sdl
ui	reference/src/ui-context.c	13	0	5	8	6	context_menu_player_display_floor(s),show_command_list(s),context_menu_command,cmd_sub_entry(s),cmd_menu(s),cmd_list_action(s),cmd_list_entry(s),textui_action_menu_choose
engine	reference/src/main.c	7	0	0	7	7	basic_quit_hook(s),extended_quit_hook(s),init_stuff(s),generic_reinit(s),change_path(s),user_name(s),list_saves(s)
engine	reference/src/obj-ignore.c	32	9	16	7	3	init_ignore(s),cleanup_ignore(s),ignore_birth_init,rune_add_autoinscription(s),rune_autoinscribe,autoinscribe_ground,autoinscribe_pack
engine	reference/src/obj-list.c	14	5	2	7	3	object_list_free,object_list_init,object_list_finalize,object_list_shared_instance,object_list_needs_update(s),object_list_should_ignore_object(s),object_list_distance_compare(s)
engine	reference/src/player-quest.c	13	4	2	7	6	parse_quest_name(s),parse_quest_level(s),parse_quest_race(s),parse_quest_number(s),init_parse_quest,run_parse_quest(s),cleanup_quest(s)
oracle	reference/src/stats/db.c	7	0	0	7	1	stats_make_output_dir(s),stats_db_open,stats_db_close,stats_db_exec,stats_db_stmt_prep,stats_db_bind_ints,stats_db_bind_rv
ui	reference/src/ui-player.c	32	6	19	7	7	panel_allocate(s),panel_free(s),have_valid_char_sheet_config(s),release_char_sheet_config(s),check_for_two_categories(s),init_ui_player(s),cleanup_ui_player(s)
ui	reference/src/ui-target.c	21	1	13	7	6	is_running_keymap(s),target_recall_loop_object(s),aux_wrapup(s),textui_target_closest,load_path(s),pile_is_tracked(s),pile_has_known(s)
engine	reference/src/obj-gear.c	34	20	8	6	1	slot_type_is,object_slot,equip_describe,gear_excise_object(s),pack_is_full,pack_is_overfull
engine	reference/src/obj-knowledge.c	62	44	12	6	2	rune_index(s),cleanup_rune(s),rune_name,rune_set_note,object_element_is_known,player_learn_flag
engine	reference/src/obj-tval.c	43	34	3	6	0	tval_is_mushroom_k,tval_is_money_k,tval_is_bolt,tval_is_book_k,tval_sval_count,tval_sval_list
engine	reference/src/player.c	18	9	3	6	2	stat_idx_to_name,player_restore_mana,player_random_name,player_cleanup_members,init_player(s),cleanup_player(s)
ui	reference/src/ui-store.c	25	3	16	6	4	store_menu_recalc(s),context_menu_store(s),handle_g_context_store_item(s),store_menu_init(s),enter_store,leave_store
zlib	reference/src/z-form.c	8	1	1	6	0	vstrnfmt,strnfcat,vformat,vformat_kill,plog_fmt,quit_fmt
engine	reference/src/cmd-obj.c	24	5	14	5	0	do_cmd_read_scroll,do_cmd_eat_food,do_cmd_quaff_potion,do_cmd_cast,do_cmd_study
engine	reference/src/game-input.c	18	5	8	5	0	get_point,get_spell_from_book,get_spell,map_is_visible,view_ability_menu
engine	reference/src/message.c	18	4	9	5	1	messages_init,messages_free,message_get(s),message_lookup_by_sound_name,message_sound_name
engine	reference/src/mon-list.c	12	6	1	5	1	monster_list_free,monster_list_init,monster_list_finalize,monster_list_shared_instance,monster_list_can_update(s)
engine	reference/src/player-calcs.c	27	13	9	5	0	track_object,track_object_kind,track_object_cancel,tracked_object_is,redraw_stuff
ui	reference/src/ui-command.c	12	0	7	5	3	do_cmd_xxx_options,do_cmd_unknown,write_html_escape_char(s),screenshot_term_query(s),do_cmd_save_screen_html(s)
ui	reference/src/ui-spell.c	12	0	7	5	3	spell_menu_valid(s),spell_menu_destroy(s),spell_menu_select(s),textui_get_spell_from_book,textui_get_spell
frontend	reference/src/win/readdib.c	5	0	0	5	3	lread(s),MakeDIBPalette(s),MakeBitmapAndPalette(s),ReadDIB,FreeDIB
zlib	reference/src/z-type.c	12	7	0	5	0	point_set_new,point_set_dispose,add_to_point_set,point_set_size,point_set_contains
zlib	reference/src/z-virt.c	7	0	2	5	0	mem_alloc,mem_free,mem_realloc,string_make,string_free
engine	reference/src/cmd-spoil.c	4	0	0	4	0	do_cmd_spoil_artifact,do_cmd_spoil_monster,do_cmd_spoil_monster_brief,do_cmd_spoil_obj
engine	reference/src/gen-cave.c	54	47	3	4	4	find_joinfree_vertical_seam(s),transform_join_list(s),array_filler(s),join_regions(s)
ui	reference/src/ui-death.c	12	0	8	4	4	death_messages(s),death_scores(s),death_examine(s),death_spoilers(s)
ui	reference/src/ui-effect.c	4	0	0	4	3	effect_menu_new(s),effect_menu_select(s),effect_menu_destroy(s),textui_get_effect_from_list
engine	reference/src/cave.c	19	7	9	3	0	get_feat_code_name,cave_connectors_free,object_lists_check_integrity
engine	reference/src/cmd-cave.c	35	6	26	3	1	do_cmd_close_aux(s),do_cmd_navigate_down,do_cmd_navigate_up
engine	reference/src/main-spoil.c	3	0	0	3	2	copy_file(s),parse_seed(s),init_spoil
engine	reference/src/obj-info.c	41	29	9	3	3	element_info_collect(s),o_calculate_melee_crits(s),o_calculate_missile_crits(s)
engine	reference/src/player-spell.c	22	17	2	3	1	player_spells_free,spell_okay_list,fail_adjust(s)
ui	reference/src/ui-keymap.c	6	3	0	3	1	keymap_make(s),keymap_free,keymap_dump
ui	reference/src/ui-mon-list.c	7	0	4	3	1	monster_list_get_glyphs(s),monster_list_show_subwindow,monster_list_force_subwindow_update
zlib	reference/src/z-quark.c	4	0	1	3	0	quark_str,quarks_init,quarks_free
engine	reference/src/cave-map.c	12	3	7	2	1	cave_room_aux(s),cave_known
engine	reference/src/game-world.c	16	11	3	2	1	level_by_name,on_leave_level(s)
engine	reference/src/gen-chunk.c	11	5	4	2	0	chunk_list_add,chunk_find
engine	reference/src/main-nds-arm7.c	2	0	0	2	0	VblankHandler,powerButtonCB
engine	reference/src/mon-lore.c	35	33	0	2	1	write_lore_entries(s),lore_save
engine	reference/src/mon-make.c	24	12	10	2	2	cleanup_race_allocs(s),place_monster_base_okay(s)
engine	reference/src/mon-util.c	33	24	7	2	0	lookup_monster_base,match_monster_bases
engine	reference/src/obj-slays.c	17	13	2	2	0	brand_count,slay_count
ui	reference/src/ui-curse.c	5	0	3	2	1	get_curse_action(s),textui_get_curse
data-init	reference/src/ui-init.c	2	0	0	2	0	textui_init,textui_cleanup
ui	reference/src/ui-obj-list.c	5	0	3	2	1	object_list_format_special(s),object_list_show_subwindow
ui	reference/src/ui-spoil.c	2	0	0	2	1	spoiler_menu_act(s),do_cmd_spoilers
frontend	reference/src/win/readpng.c	2	0	0	2	1	ReadFileFunc(s),ReadDIB2_PNG
zlib	reference/src/z-bitflag.c	25	23	0	2	0	flag_has_dbg,flag_on_dbg
engine	reference/src/cmd-misc.c	4	0	3	1	0	do_cmd_try_borg
engine	reference/src/debug.c	2	0	1	1	1	to_stderr(s)
engine	reference/src/effects-info.c	13	7	5	1	1	add_to_summaries(s)
engine	reference/src/gen-monster.c	6	5	0	1	1	lookup_pit_profile(s)
engine	reference/src/guid.c	1	0	0	1	0	guid_eq
engine	reference/src/mon-group.c	19	18	0	1	0	monster_group_free
engine	reference/src/mon-spell.c	21	15	5	1	1	spell_tag_lookup(s)
engine	reference/src/obj-desc.c	16	15	0	1	0	object_base_name
engine	reference/src/obj-make.c	29	18	10	1	1	cleanup_obj_make(s)
engine	reference/src/obj-power.c	25	24	0	1	1	log_obj(s)
engine	reference/src/obj-randart.c	50	48	1	1	1	artifact_set_data_free(s)
engine	reference/src/project.c	6	4	1	1	0	proj_idx_to_name
engine	reference/src/save-charoutput.c	1	0	0	1	0	save_charoutput
engine	reference/src/sound-core.c	11	0	10	1	0	print_sound_help
engine	reference/src/trap.c	17	14	2	1	0	square_free_trap
ui	reference/src/ui-help.c	3	0	2	1	1	string_lower(s)
ui	reference/src/ui-history.c	3	0	2	1	1	print_history_header(s)
ui	reference/src/ui-mon-lore.c	4	2	1	1	0	lore_show_subwindow
ui	reference/src/ui-player-properties.c	4	0	3	1	1	view_ability_tag(s)
ui	reference/src/ui-score.c	4	1	2	1	0	show_scores
frontend	reference/src/win/scrnshot.c	1	0	0	1	0	SaveWindow_PNG
frontend	reference/src/win/win-layout.c	1	0	0	1	0	default_layout_win
engine	reference/src/wiz-spoil.c	8	5	2	1	1	spoiler_out_n_chars(s)
zlib	reference/src/z-color.c	5	4	0	1	0	build_gamma_table
zlib	reference/src/z-rand.c	19	1	17	1	0	Rand_simple
engine	reference/src/cave-view.c	12	12	0	0	0	
engine	reference/src/cmd-pickup.c	8	5	3	0	0	
engine	reference/src/mon-attack.c	14	12	2	0	0	
engine	reference/src/mon-desc.c	3	3	0	0	0	
engine	reference/src/mon-move.c	34	32	2	0	0	
engine	reference/src/mon-predicate.c	28	28	0	0	0	
engine	reference/src/mon-timed.c	8	8	0	0	0	
engine	reference/src/obj-curse.c	13	12	1	0	0	
engine	reference/src/obj-properties.c	4	4	0	0	0	
engine	reference/src/player-attack.c	29	23	6	0	0	
engine	reference/src/player-class.c	1	0	1	0	0	
engine	reference/src/player-history.c	14	10	4	0	0	
engine	reference/src/player-properties.c	4	2	2	0	0	
engine	reference/src/player-race.c	1	0	1	0	0	
engine	reference/src/randname.c	3	3	0	0	0	
engine	reference/src/score-util.c	4	4	0	0	0	
engine	reference/src/score.c	7	5	2	0	0	
engine	reference/src/source.c	6	6	0	0	0	
engine	reference/src/target.c	17	16	1	0	0	
engine	reference/src/wiz-debug.c	1	1	0	0	0	
zlib	reference/src/z-dice.c	13	0	13	0	0	
zlib	reference/src/z-expression.c	10	1	9	0	0	
