status	name	kind	file	line	prodRefs	testRefs	reachableRefs	selfRefs
TEST-ONLY	cmdVerb	function	packages/core/src/cmd.ts	284	0	1	0	1
TEST-ONLY	cmdSetArg	function	packages/core/src/cmd.ts	335	0	1	0	1
TEST-ONLY	cmdGetArg	function	packages/core/src/cmd.ts	343	0	1	0	1
TEST-ONLY	resetColorTable	function	packages/core/src/color.ts	221	0	2	0	1
ORPHAN	COLOUR_TEAL	const	packages/core/src/color.ts	28	0	0	0	1
TEST-ONLY	COLOUR_MUD	const	packages/core/src/color.ts	29	0	1	0	1
ORPHAN	COLOUR_L_YELLOW	const	packages/core/src/color.ts	30	0	0	0	1
TEST-ONLY	COLOUR_MAGENTA	const	packages/core/src/color.ts	31	0	1	0	1
ORPHAN	COLOUR_L_VIOLET	const	packages/core/src/color.ts	33	0	0	0	1
ORPHAN	COLOUR_L_PINK	const	packages/core/src/color.ts	34	0	0	0	1
ORPHAN	COLOUR_MUSTARD	const	packages/core/src/color.ts	35	0	0	0	1
ORPHAN	COLOUR_BLUE_SLATE	const	packages/core/src/color.ts	36	0	0	0	1
TEST-ONLY	COLOUR_DEEP_L_BLUE	const	packages/core/src/color.ts	37	0	1	0	1
TEST-ONLY	ATTR_MONO	const	packages/core/src/color.ts	51	0	1	0	1
TEST-ONLY	ATTR_VGA	const	packages/core/src/color.ts	52	0	1	0	1
TEST-ONLY	ATTR_BLIND	const	packages/core/src/color.ts	53	0	1	0	1
TEST-ONLY	ATTR_HIGH	const	packages/core/src/color.ts	56	0	1	0	1
TEST-ONLY	ATTR_METAL	const	packages/core/src/color.ts	57	0	1	0	1
ORPHAN	ATTR_MISC	const	packages/core/src/color.ts	58	0	0	0	1
TEST-ONLY	learnBrandSlayFromLaunch	function	packages/core/src/combat/brand-slay.ts	337	0	1	0	1
TEST-ONLY	learnBrandSlayFromThrow	function	packages/core/src/combat/brand-slay.ts	353	0	1	0	1
TEST-ONLY	RESOLVED_BLOW_EFFECTS	const	packages/core/src/combat/mon-melee.ts	600	0	1	0	1
DEAD-LOCAL	STATE_BASE_DIGIT	local-const	packages/core/src/dice.ts	42	0	0	0	1
DEAD-LOCAL	STATE_DICE_DIGIT	local-const	packages/core/src/dice.ts	44	0	0	0	1
DEAD-LOCAL	STATE_SIDE_DIGIT	local-const	packages/core/src/dice.ts	46	0	0	0	1
DEAD-LOCAL	STATE_BONUS_DIGIT	local-const	packages/core/src/dice.ts	49	0	0	0	1
ORPHAN	EFFECT_VALUE_BASE_NAMES	const	packages/core/src/effects/effect.ts	371	0	0	0	1
TEST-ONLY	GAME_EVENT_TYPES	const	packages/core/src/events.ts	163	0	1	0	1
TEST-ONLY	countChests	function	packages/core/src/game/chest.ts	113	0	1	0	1
ORPHAN	ATTACK_HANDLER_CODES	const	packages/core/src/game/effect-attack.ts	740	0	0	0	1
ORPHAN	DETECT_HANDLER_CODES	const	packages/core/src/game/effect-detect.ts	524	0	0	0	1
ORPHAN	GENERAL_HANDLER_CODES	const	packages/core/src/game/effect-general.ts	1026	0	0	0	1
ORPHAN	ITEM_HANDLER_CODES	const	packages/core/src/game/effect-item.ts	977	0	0	0	1
ORPHAN	MELEE_HANDLER_CODES	const	packages/core/src/game/effect-melee.ts	518	0	0	0	1
ORPHAN	MONSTER_HANDLER_CODES	const	packages/core/src/game/effect-monster.ts	285	0	0	0	1
ORPHAN	SUMMON_HANDLER_CODES	const	packages/core/src/game/effect-summon.ts	161	0	0	0	1
ORPHAN	TELEPORT_HANDLER_CODES	const	packages/core/src/game/effect-teleport.ts	614	0	0	0	1
ORPHAN	TERRAIN_HANDLER_CODES	const	packages/core/src/game/effect-terrain.ts	783	0	0	0	1
TEST-ONLY	canAct	function	packages/core/src/game/energy.ts	38	0	1	0	1
TEST-ONLY	gainEnergy	function	packages/core/src/game/energy.ts	46	0	1	0	1
TEST-ONLY	spendEnergy	function	packages/core/src/game/energy.ts	59	0	1	0	1
TEST-ONLY	NORMAL_SPEED	const	packages/core/src/game/energy.ts	32	0	1	0	1
TEST-ONLY	cycleStoreInclusion	function	packages/core/src/game/equip-cmp.ts	68	0	1	0	1
MODULE-UNREACHABLE	makeBlow	function	packages/core/src/game/harness.ts	82	0	3	0	1
MODULE-UNREACHABLE	makeRace	function	packages/core/src/game/harness.ts	108	0	39	0	1
MODULE-UNREACHABLE	makePlayer	function	packages/core/src/game/harness.ts	126	0	3	0	2
MODULE-UNREACHABLE	defaultCombat	function	packages/core/src/game/harness.ts	139	0	0	0	2
MODULE-UNREACHABLE	defaultDefense	function	packages/core/src/game/harness.ts	155	0	0	0	2
MODULE-UNREACHABLE	openField	function	packages/core/src/game/harness.ts	160	0	5	0	2
MODULE-UNREACHABLE	makeState	function	packages/core/src/game/harness.ts	185	0	68	0	1
MODULE-UNREACHABLE	addMon	function	packages/core/src/game/harness.ts	255	0	41	0	1
MODULE-UNREACHABLE	featureReg	const	packages/core/src/game/harness.ts	50	0	12	0	4
MODULE-UNREACHABLE	FLOOR	const	packages/core/src/game/harness.ts	51	18	28	18	3
MODULE-UNREACHABLE	GRANITE	const	packages/core/src/game/harness.ts	52	10	30	10	3
MODULE-UNREACHABLE	monReg	const	packages/core/src/game/harness.ts	54	0	27	0	4
MODULE-UNREACHABLE	plReg	const	packages/core/src/game/harness.ts	65	0	23	0	8
ORPHAN	monsterGroupIndex	function	packages/core/src/game/mon-group.ts	46	0	0	0	1
TEST-ONLY	monsterGroupLeaderIdx	function	packages/core/src/game/mon-group.ts	51	0	1	0	1
TEST-ONLY	monsterGroupChangeIndex	function	packages/core/src/game/mon-group.ts	230	0	1	0	1
ORPHAN	MONSTER_LIST_SECTION_MAX	const	packages/core/src/game/mon-list.ts	34	0	0	0	1
ORPHAN	OBJECT_LIST_SECTION_MAX	const	packages/core/src/game/obj-list.ts	42	0	0	0	1
ORPHAN	pathNearestKnown	function	packages/core/src/game/player-path.ts	588	0	0	0	1
TEST-ONLY	pathfindDirectionTo	function	packages/core/src/game/player-path.ts	737	0	1	0	1
TEST-ONLY	targetSighted	function	packages/core/src/game/target.ts	329	0	1	0	1
TEST-ONLY	squareSetTrapTimeout	function	packages/core/src/game/trap.ts	581	0	1	0	1
ORPHAN	wizCreateAllArtifact	function	packages/core/src/game/wizard.ts	416	0	0	0	1
ORPHAN	wizCreateAllArtifactFromTval	function	packages/core/src/game/wizard.ts	430	0	0	0	1
ORPHAN	wizCreateAllObj	function	packages/core/src/game/wizard.ts	448	0	0	0	1
ORPHAN	wizTweakItem	function	packages/core/src/game/wizard.ts	930	0	0	0	1
ORPHAN	wizTeleportTo	function	packages/core/src/game/wizard.ts	1033	0	0	0	1
TEST-ONLY	wizCheatDeath	function	packages/core/src/game/wizard.ts	1077	0	1	0	1
TEST-ONLY	DUN	const	packages/core/src/generated/dun-profiles.ts	20	0	1	0	1
ORPHAN	EQUIP	const	packages/core/src/generated/equip-slots.ts	23	0	0	0	1
ORPHAN	HISTORY_TYPE_ENTRIES	const	packages/core/src/generated/history-types.ts	7	0	0	0	1
ORPHAN	KIND_FLAG_ENTRIES	const	packages/core/src/generated/kind-flags.ts	7	0	0	0	1
ORPHAN	PARSER_ERROR_ENTRIES	const	packages/core/src/generated/parser-errors.ts	7	0	0	0	1
ORPHAN	PARSE_ERROR	const	packages/core/src/generated/parser-errors.ts	75	0	0	0	1
ORPHAN	RANDART_PROPERTY_ENTRIES	const	packages/core/src/generated/randart-properties.ts	7	0	0	0	1
ORPHAN	ROOM_FLAG_ENTRIES	const	packages/core/src/generated/room-flags.ts	11	0	0	0	1
TEST-ONLY	TERRAIN_ENTRIES	const	packages/core/src/generated/terrain.ts	7	0	1	0	1
TEST-ONLY	subGuardi16	function	packages/core/src/guard.ts	49	0	1	0	1
TEST-ONLY	locOffset	function	packages/core/src/loc.ts	44	0	1	0	1
TEST-ONLY	DDX_DDD	const	packages/core/src/loc.ts	94	0	1	0	1
TEST-ONLY	DDY_DDD	const	packages/core/src/loc.ts	97	0	1	0	1
TEST-ONLY	CLOCKWISE_DDD	const	packages/core/src/loc.ts	116	0	1	0	1
REF-UNREACHABLE	slug	function	packages/core/src/mod/ids.ts	58	3	3	0	15
TEST-ONLY	coreId	function	packages/core/src/mod/ids.ts	71	0	2	0	1
TEST-ONLY	loreLearnSpellIfHas	function	packages/core/src/mon/lore.ts	126	0	1	0	1
TEST-ONLY	loreIsFullyKnown	function	packages/core/src/mon/lore.ts	243	0	1	0	1
TEST-ONLY	monsterHasSpells	function	packages/core/src/mon/predicate.ts	134	0	1	0	1
ORPHAN	monsterHasInnateSpells	function	packages/core/src/mon/predicate.ts	144	0	0	0	1
ORPHAN	objPackFromJson	function	packages/core/src/obj/bind.ts	1196	0	0	0	1
ORPHAN	IGNORE_IF_UNAWARE	const	packages/core/src/obj/ignore.ts	60	0	0	0	1
TEST-ONLY	missileLearnOnRangedAttack	function	packages/core/src/obj/knowledge.ts	561	0	1	0	1
ORPHAN	equipLearnOnRangedAttack	function	packages/core/src/obj/knowledge.ts	601	0	0	0	1
TEST-ONLY	getAutoinscription	function	packages/core/src/obj/knowledge.ts	1343	0	1	0	1
ORPHAN	tvalIsMushroom	function	packages/core/src/obj/object.ts	78	0	0	0	1
ORPHAN	tvalCanHaveNourishment	function	packages/core/src/obj/object.ts	99	0	0	0	1
ORPHAN	tvalIsZapper	function	packages/core/src/obj/object.ts	270	0	0	0	1
TEST-ONLY	objectPackTotal	function	packages/core/src/obj/object.ts	1002	0	1	0	1
ORPHAN	OSTACK_NONE	const	packages/core/src/obj/object.ts	864	0	0	0	1
DEAD-LOCAL	AMMO_RESCALER	local-const	packages/core/src/obj/power.ts	64	0	0	0	1
REF-UNREACHABLE	addFlag	function	packages/core/src/obj/randart-build.ts	585	1	2	0	25
ORPHAN	ELEM_BASE_MAX	const	packages/core/src/obj/types.ts	40	0	0	0	1
TEST-ONLY	pointBuyCost	function	packages/core/src/player/birth.ts	134	0	1	0	1
TEST-ONLY	incrementNameSuffix	function	packages/core/src/player/birth.ts	749	0	1	0	1
TEST-ONLY	historyClear	function	packages/core/src/player/history.ts	60	0	1	0	1
ORPHAN	spellBookCountSpells	function	packages/core/src/player/spell.ts	221	0	0	0	1
ORPHAN	spellOkayToBrowse	function	packages/core/src/player/spell.ts	247	0	0	0	1
TEST-ONLY	randomChanceScaled	function	packages/core/src/rng.ts	426	0	1	0	1
TEST-ONLY	RngStreams	class	packages/core/src/rng.ts	435	0	1	0	1
TEST-ONLY	writeSavefile	function	packages/core/src/save/buffer.ts	207	0	1	0	1
TEST-ONLY	readSavefile	function	packages/core/src/save/buffer.ts	254	0	1	0	1
TEST-ONLY	scoreRows	function	packages/core/src/score/display.ts	111	0	1	0	1
TEST-ONLY	highscoreCount	function	packages/core/src/score/score.ts	191	0	1	0	1
TEST-ONLY	GRAPHICS_MODE_HIGH_ID	const	packages/core/src/visuals/grafmode.ts	91	0	1	0	1
TEST-ONLY	parseTilePrefs	function	packages/core/src/visuals/tile-prefs.ts	411	0	1	0	1
TEST-ONLY	tileForFlavor	function	packages/core/src/visuals/tile-prefs.ts	455	0	1	0	1
TEST-ONLY	tileForProjection	function	packages/core/src/visuals/tile-prefs.ts	464	0	1	0	1
ORPHAN	featIsTorch	function	packages/core/src/world/chunk.ts	90	0	0	0	1
MODULE-UNREACHABLE	main	function	packages/content/src/compile.ts	25	50	11	49	2
MODULE-UNREACHABLE	CORE_NAMESPACE	const	packages/content/src/index.ts	12	0	0	0	1
MODULE-UNREACHABLE	parseSignature	function	packages/content/src/parser.ts	73	2	1	0	1
MODULE-UNREACHABLE	isValidRandom	function	packages/content/src/parser.ts	208	1	1	0	2
MODULE-UNREACHABLE	parseLine	function	packages/content/src/parser.ts	338	2	1	0	1
MODULE-UNREACHABLE	ParseError	class	packages/content/src/parser.ts	46	2	1	0	16
MODULE-UNREACHABLE	compileGamedata	function	packages/content/src/records.ts	155	2	1	0	1
MODULE-UNREACHABLE	dungeonProfileSpec	const	packages/content/src/specs/generate.ts	11	1	0	0	1
MODULE-UNREACHABLE	roomTemplateSpec	const	packages/content/src/specs/generate.ts	29	1	0	0	1
MODULE-UNREACHABLE	vaultSpec	const	packages/content/src/specs/generate.ts	46	1	0	0	1
MODULE-UNREACHABLE	gamedataSpecs	const	packages/content/src/specs/index.ts	58	2	1	0	1
MODULE-UNREACHABLE	constantsSpec	const	packages/content/src/specs/init.ts	11	1	0	0	1
MODULE-UNREACHABLE	worldSpec	const	packages/content/src/specs/init.ts	38	1	0	0	1
MODULE-UNREACHABLE	playerPropertySpec	const	packages/content/src/specs/init.ts	45	1	0	0	1
MODULE-UNREACHABLE	namesSpec	const	packages/content/src/specs/init.ts	59	1	0	0	1
MODULE-UNREACHABLE	trapSpec	const	packages/content/src/specs/init.ts	69	1	0	0	1
MODULE-UNREACHABLE	terrainSpec	const	packages/content/src/specs/init.ts	96	1	0	0	1
MODULE-UNREACHABLE	bodySpec	const	packages/content/src/specs/init.ts	120	1	0	0	1
MODULE-UNREACHABLE	historySpec	const	packages/content/src/specs/init.ts	130	1	0	0	1
MODULE-UNREACHABLE	pRaceSpec	const	packages/content/src/specs/init.ts	140	1	0	0	1
MODULE-UNREACHABLE	realmSpec	const	packages/content/src/specs/init.ts	170	1	0	0	1
MODULE-UNREACHABLE	shapeSpec	const	packages/content/src/specs/init.ts	183	1	0	0	1
MODULE-UNREACHABLE	classSpec	const	packages/content/src/specs/init.ts	210	1	0	0	1
MODULE-UNREACHABLE	flavorSpec	const	packages/content/src/specs/init.ts	250	1	0	0	1
MODULE-UNREACHABLE	hintsSpec	const	packages/content/src/specs/init.ts	261	1	0	0	1
MODULE-UNREACHABLE	summonSpec	const	packages/content/src/specs/misc.ts	12	1	0	0	1
MODULE-UNREACHABLE	chestTrapSpec	const	packages/content/src/specs/misc.ts	27	1	0	0	1
MODULE-UNREACHABLE	questSpec	const	packages/content/src/specs/misc.ts	45	1	0	0	1
MODULE-UNREACHABLE	playerTimedSpec	const	packages/content/src/specs/misc.ts	62	1	0	0	1
MODULE-UNREACHABLE	storeSpec	const	packages/content/src/specs/misc.ts	94	1	0	0	1
MODULE-UNREACHABLE	uiKnowledgeSpec	const	packages/content/src/specs/misc.ts	117	1	0	0	1
MODULE-UNREACHABLE	blowMethodsSpec	const	packages/content/src/specs/mon-init.ts	11	1	0	0	1
MODULE-UNREACHABLE	blowEffectsSpec	const	packages/content/src/specs/mon-init.ts	27	1	0	0	1
MODULE-UNREACHABLE	painSpec	const	packages/content/src/specs/mon-init.ts	45	1	0	0	1
MODULE-UNREACHABLE	monsterSpellSpec	const	packages/content/src/specs/mon-init.ts	61	1	0	0	1
MODULE-UNREACHABLE	monsterBaseSpec	const	packages/content/src/specs/mon-init.ts	85	1	0	0	1
MODULE-UNREACHABLE	monsterSpec	const	packages/content/src/specs/mon-init.ts	98	1	0	0	1
MODULE-UNREACHABLE	pitSpec	const	packages/content/src/specs/mon-init.ts	139	1	0	0	1
MODULE-UNREACHABLE	projectionSpec	const	packages/content/src/specs/obj-init.ts	11	1	0	0	1
MODULE-UNREACHABLE	objectBaseSpec	const	packages/content/src/specs/obj-init.ts	34	1	0	0	1
MODULE-UNREACHABLE	slaySpec	const	packages/content/src/specs/obj-init.ts	49	1	0	0	1
MODULE-UNREACHABLE	brandSpec	const	packages/content/src/specs/obj-init.ts	66	1	0	0	1
MODULE-UNREACHABLE	curseSpec	const	packages/content/src/specs/obj-init.ts	82	1	0	0	1
MODULE-UNREACHABLE	activationSpec	const	packages/content/src/specs/obj-init.ts	105	1	0	0	1
MODULE-UNREACHABLE	objectSpec	const	packages/content/src/specs/obj-init.ts	123	1	0	0	1
MODULE-UNREACHABLE	egoItemSpec	const	packages/content/src/specs/obj-init.ts	158	1	0	0	1
MODULE-UNREACHABLE	artifactSpec	const	packages/content/src/specs/obj-init.ts	183	1	0	0	1
MODULE-UNREACHABLE	objectPropertySpec	const	packages/content/src/specs/obj-init.ts	209	1	0	0	1
MODULE-UNREACHABLE	uiEntryBaseSpec	const	packages/content/src/specs/ui-entry.ts	44	1	0	0	1
MODULE-UNREACHABLE	uiEntrySpec	const	packages/content/src/specs/ui-entry.ts	51	1	0	0	1
MODULE-UNREACHABLE	uiEntryRendererSpec	const	packages/content/src/specs/ui-entry.ts	58	1	0	0	1
MODULE-UNREACHABLE	visualsSpec	const	packages/content/src/specs/visuals.ts	27	1	0	0	1
MODULE-UNREACHABLE	definePlugin	function	packages/web/src/agents/sandbox/worker-runtime.ts	122	1	1	1	6
MODULE-UNREACHABLE	snapshotView	function	packages/web/src/agents/sandbox/worker-runtime.ts	155	0	1	0	2
MODULE-UNREACHABLE	sandboxActions	function	packages/web/src/agents/sandbox/worker-runtime.ts	198	0	1	0	2
MODULE-UNREACHABLE	createRuntimeHandler	function	packages/web/src/agents/sandbox/worker-runtime.ts	261	0	1	0	2
MODULE-UNREACHABLE	runWorkerRuntime	function	packages/web/src/agents/sandbox/worker-runtime.ts	346	1	0	1	5
MODULE-UNREACHABLE	SandboxCapabilityError	class	packages/web/src/agents/sandbox/worker-runtime.ts	131	0	1	0	2
ORPHAN	defineTrustedPlugin	function	packages/web/src/agents/trusted/runtime.ts	44	0	0	0	1
TEST-ONLY	clearInputQueue	function	packages/web/src/input-queue.ts	77	0	1	0	1
TEST-ONLY	clearKeymaps	function	packages/web/src/keymap-store.ts	83	0	2	0	1
DEAD-LOCAL	TITLE_COLOR	local-const	packages/web/src/knowledge.ts	70	0	0	0	1
ORPHAN	packHandles	function	packages/web/src/screens.ts	233	0	0	0	1
ORPHAN	equipmentMenu	function	packages/web/src/screens.ts	387	0	0	0	1
TEST-ONLY	autoinscriptionMenu	function	packages/web/src/screens.ts	905	0	1	0	1
REF-UNREACHABLE	collectLevel	function	packages/cli/src/stats.ts	221	1	0	0	3
MODULE-UNREACHABLE	objMonStats	function	packages/cli/src/wiz-stats.ts	112	0	1	0	3
MODULE-UNREACHABLE	pitStats	function	packages/cli/src/wiz-stats.ts	228	0	1	0	3
MODULE-UNREACHABLE	disconnectStats	function	packages/cli/src/wiz-stats.ts	402	0	1	0	3
MODULE-UNREACHABLE	DEFAULT_OBJ_MON_PARAMS	const	packages/cli/src/wiz-stats.ts	74	0	0	0	2
MODULE-UNREACHABLE	DEFAULT_PIT_PARAMS	const	packages/cli/src/wiz-stats.ts	193	0	0	0	2
MODULE-UNREACHABLE	DEFAULT_DISCONNECT_PARAMS	const	packages/cli/src/wiz-stats.ts	315	0	0	0	2
MODULE-UNREACHABLE	parseCapability	function	packages/mod-sdk/src/capabilities.ts	76	2	1	2	3
MODULE-UNREACHABLE	CapabilityError	class	packages/mod-sdk/src/capabilities.ts	53	1	1	1	8
MODULE-UNREACHABLE	CapabilitySet	class	packages/mod-sdk/src/capabilities.ts	134	7	2	7	5
MODULE-UNREACHABLE	mergePatch	function	packages/mod-sdk/src/compose.ts	74	3	1	1	3
MODULE-UNREACHABLE	composePacks	function	packages/mod-sdk/src/compose.ts	108	2	1	1	2
MODULE-UNREACHABLE	ComposeError	class	packages/mod-sdk/src/compose.ts	71	1	0	1	9
MODULE-UNREACHABLE	computeConflictReport	function	packages/mod-sdk/src/conflicts.ts	165	2	1	2	1
MODULE-UNREACHABLE	composeContentPacks	function	packages/mod-sdk/src/loader.ts	92	2	1	2	2
MODULE-UNREACHABLE	validateManifest	function	packages/mod-sdk/src/manifest.ts	118	1	3	1	1
MODULE-UNREACHABLE	slugify	function	packages/mod-sdk/src/manifest.ts	244	2	1	1	2
MODULE-UNREACHABLE	packRef	function	packages/mod-sdk/src/manifest.ts	252	2	1	1	1
MODULE-UNREACHABLE	ManifestError	class	packages/mod-sdk/src/manifest.ts	115	2	0	1	24
MODULE-UNREACHABLE	applyFieldPatch	function	packages/mod-sdk/src/patch.ts	87	2	1	1	2
MODULE-UNREACHABLE	composeFieldPatches	function	packages/mod-sdk/src/patch.ts	178	3	1	1	1
MODULE-UNREACHABLE	touchedFields	function	packages/mod-sdk/src/patch.ts	208	2	1	1	1
MODULE-UNREACHABLE	PatchError	class	packages/mod-sdk/src/patch.ts	22	1	1	1	2
MODULE-UNREACHABLE	resolveLoadOrder	function	packages/mod-sdk/src/resolve.ts	61	5	2	3	1
MODULE-UNREACHABLE	ResolveError	class	packages/mod-sdk/src/resolve.ts	30	1	1	1	6
MODULE-UNREACHABLE	satisfies	function	packages/mod-sdk/src/semver.ts	220	9	3	8	1
MODULE-UNREACHABLE	SemverError	class	packages/mod-sdk/src/semver.ts	31	2	1	1	7
