file	line	key	verdict	evidence	text
parity/ledger/combat-melee.yaml	91	deferred			Arena handling in mon_take_hit, with the rest of arena mode (not begun; see parity/DEFERRALS.md).
parity/ledger/combat-ranged.yaml	26	deferred			The projectile path and command front-ends: ranged_helper, do_cmd_fire, do_cmd_throw, do_cmd_fire_at_nearest (project_path, missile display events, ammo/quiver selection, piercing via TMD_POWERSHOT, drop_near and the actual application of breakage_chance).
parity/ledger/combat-ranged.yaml	30	deferred			O-combat ranged (birth_percent_damage): o_ranged_damage, o_critical_shot, and the o-ranged-critical constants/levels.
parity/ledger/combat-ranged.yaml	32	deferred			Knowledge / learning: missile_learn_on_ranged_attack, equip_learn_on_ ranged_attack, learn_brand_slay_from_launch/throw.
parity/ledger/combat-ranged.yaml	34	deferred			Temporary brands/slays (improve_attack_modifier obj == NULL path).
parity/ledger/combat-ranged.yaml	35	deferred			Curse contributions to object_to_hit/to_dam/weight.
parity/ledger/effects-interpreter.yaml	67	partial-codes			DAMAGE: player path complete (reduction, show_damage message, take_hit, killer for player/none sources). The monster-target and decoy branches are ported in the game layer (game/effect-monster.ts, game/project-monster.ts, and the decoy at effect-general.ts:199). The registry-derived killer description is the one real remainder - see parity/DEFERRALS.md, MDESC_DIED_FROM.
parity/ledger/effects-interpreter.yaml	73	partial-codes			TIMED_INC: player path complete including the `other` re-up rule; decoy destruction and the TMD->MON_TMD mapping for monster targets are both ported in the game layer (effect-general.ts:768 maps TMD.AFRAID to MON_TMD.FEAR).
parity/ledger/game-arena.yaml	62	deferred			monster_turn_multiply's no-breeding-in-arena guard rides monster reproduction (unported); mon_take_nonplayer_hit's arena floor (monsters cannot kill the arena opponent) is moot while the arena holds exactly one monster.
parity/ledger/game-arena.yaml	66	deferred			ALTER_REALITY's arena guard rides that (unported, deprecated upstream) effect; TELEPORT_LEVEL in arenas is blocked by the same generate_level flow it signals.
parity/ledger/game-arena.yaml	69	deferred			The arena event banners / EVENT_GEN_LEVEL_START("arena") ride presentation (#25).
parity/ledger/game-cave-cmd.yaml	50	deferred			Locked / jammed doors, do_cmd_lock_door: door locks are the "door lock" trap upstream - all land with trap.c (#21) through the isLockedDoor / pickLock seams (supplied at session/game.ts:1716); the disarm door-lock branch is a real remainder.
parity/ledger/game-cave-cmd.yaml	54	deferred			The swap-digger machinery (player_best_digger + the temporary calc_bonuses with a swapped weapon): digging reads the wielded state's DIGGING skill.
parity/ledger/game-cave-cmd.yaml	57	deferred			do_cmd_alter_aux's chest and floor-trap-disarm fallback branches (alter IS bound, to "+", at web/src/main.ts:8090).
parity/ledger/game-cave-cmd.yaml	59	deferred			do_cmd_steal (shapechanged players, #22); run / explore / pathfind / navigate (player-path.c, #24); command repetition and the count_feats single-target direction inference (UI); messages are hooks.
parity/ledger/game-effect-attack.yaml	70	deferred			breath_dam(type, mon->hp) for monster breath damage (#19); the dice value is used until then.
parity/ledger/game-effect-attack.yaml	72	deferred			resolveAimedTarget's monster targeting (confused direction, target-monster, decoy) and the target system (target_okay / target_get provide env.aimed) - #19 / #24.
parity/ledger/game-effect-attack.yaml	75	deferred			PROJECT_LOS_AWARE's awareness-gated notice difference (a UI/notice nuance); both codes apply the same projection. BOLT_AWARE's PROJECT_AWARE flag is the same notice nuance (#25).
parity/ledger/game-effect-attack.yaml	78	deferred			EF_LASH's monster-vs-monster target and decoy branches (#19); the target is the player.
parity/ledger/game-effect-detect.yaml	41	deferred			Chest-trap identification inside DETECT_TRAPS (obj->known pval) rides object knowledge; ignore_item_ok rides ignore (#24); the DTRAP border display, item/monster list redraws and detection sounds ride #25/#26.
parity/ledger/game-effect-detect.yaml	44	deferred			Invisible-monster lore learning (rf_on lore RF_INVISIBLE) and the monster recall window ride lore (#24).
parity/ledger/game-effect-env.yaml	38	deferred			The attack effect handlers (EF_BOLT / BALL / BREATH / ...) are dispatched through the projection-casting spine (game/project-cast.ts) and are wired into the registry in the next increment via a game env slot.
parity/ledger/game-effect-env.yaml	41	deferred			A real damage reduction and player_inc_check state from calc_bonuses replace the zero / allow-all defaults.
parity/ledger/game-effect-general.yaml	76	deferred			The equipment letter (gear_to_label) and ODESC_BASE description in the disenchant messages ride the display layer (#25); the kind's base name is used.
parity/ledger/game-effect-general.yaml	79	deferred			obj->known->to_h/to_d/to_a display sync - knowledge is rune-based here (obj/knowledge.ts).
parity/ledger/game-effect-general.yaml	81	deferred			Monster-AI decoy targeting (monster_is_decoyed and the decoy's death) rides lore/AI (#24); the decoy grid is tracked and the glyph trap is real.
parity/ledger/game-effect-general.yaml	84	deferred			DRAIN_MANA's monster-vs-monster branch (MON_TMD_DISEN on the target monster) rides monster-spell targeting (#19); update_smart_learn (PF_NO_MANA) rides lore (#24). MDESC monster names ride the display layer (#25); the race name stands in.
parity/ledger/game-effect-general.yaml	88	deferred			DRAIN_STAT's show_damage " (%d)" suffix is the options system (#30); likewise RECALL's birth_no_recall / birth_levels_persist options and total_winner. Arena levels are not modelled.
parity/ledger/game-effect-item.yaml	65	deferred			ODESC_BASE / ODESC_FULL descriptions and gear letters ride the display layer (#25); the kind's base name is used. obj->known->to_h/to_d/to_a display sync rides rune-based knowledge. The recharge_pow failure-rate display (ui-object.c) rides #25.
parity/ledger/game-effect-item.yaml	69	deferred			REMOVE_CURSE's known-twin curse tester (obj->known->curses) is read from the live curses (knowledge is rune-based); show_damage (#30).
parity/ledger/game-effect-item.yaml	71	deferred			CURSE_ARMOR/WEAPON's total_weight upkeep rides the gear weight bookkeeping; history_lose_artifact rides history (#24).
parity/ledger/game-effect-item.yaml	73	deferred			EVENT_INPUT_FLUSH and the PN_COMBINE / PR_ redraws ride presentation.
parity/ledger/game-effect-item.yaml	74	deferred			Monster casts never reach these handlers (mon-cast deps omit the item env); upstream reaches them only through player commands too.
parity/ledger/game-effect-melee.yaml	44	deferred			Every formerly-deferred handler is now DONE: EF_WONDER / EF_BIZARRE (game-effect-attack / general), EF_COMMAND (game-mon-cmd), EF_PROBE (mon-lore), EF_SHAPECHANGE (game-shape) and EF_SINGLE_COMBAT (game-arena) - the effect_kind[] surface is fully ported.
parity/ledger/game-effect-melee.yaml	48	deferred			target_set_closest's bookkeeping (target_set_monster, healthWho, the "No Available Target." / "%s is targeted." messages) is now the real game/target.ts implementation; the messages flow through state.msg (the world-event sink), not the effect context's.
parity/ledger/game-effect-melee.yaml	52	deferred			MDESC names, message_pain grammar and MSG_TELEPORT sound ride the display layer (#25) - the race name stands in and pain messages are reduced to the MON_MSG_FLEE_IN_TERROR flee line; show_damage (#30).
parity/ledger/game-effect-melee.yaml	55	deferred			MOVE_ATTACK's move_player is reduced to movePlayer + updateFov + onPlayerMoved (no autopickup / disturb on the pass-through grids); the early-death energy refund marked "Should return some energy" upstream is unimplemented there too.
parity/ledger/game-effect-monster.yaml	44	deferred			The arena-level guard (player->upkeep->arena_level): arenas are not modelled.
parity/ledger/game-effect-monster.yaml	45	deferred			The PR_MONLIST / PR_HEALTH redraws are UI concerns.
parity/ledger/game-effect-monster.yaml	46	deferred			MDESC monster names and possessives (monster_desc) ride the display layer (#25); the race name and "its" stand in.
parity/ledger/game-effect-summon.yaml	26	deferred			The arena-level guard (player->upkeep->arena_level) - arenas are not modelled (SINGLE_COMBAT rides later #24 work).
parity/ledger/game-effect-summon.yaml	28	deferred			sound(message_type) rides the sound system (#26); the msgt channel on the blind message rides presentation (#25).
parity/ledger/game-effect-teleport.yaml	65	deferred			player_handle_post_move / handle_stuff: the FOV / light / target refresh after a teleport is the injected onPlayerPostMove / onMonsterPostMove hook (the game-loop layer wires update_view, as it already does for movement).
parity/ledger/game-effect-teleport.yaml	68	deferred			The OF_NO_TELEPORT curse and its equip_learn_flag: injected as hasNoTeleport / onLearnNoTeleport (object flags on the player are calc_bonuses / gear state, #13 rune learning).
parity/ledger/game-effect-teleport.yaml	71	deferred			monster_target_monster (the monster-vs-monster targetMonster) and the Dimension Door aim prompt (getAimTarget): monster spells (#19) and targeting (#24); target_able / target_set_monster / target_set_location clears are the same targeting subsystem.
parity/ledger/game-effect-teleport.yaml	75	deferred			dungeon_get_next_level / dungeon_change_level and is_quest / birth_force_descend for TELEPORT_LEVEL: level change and quests (#23); injected as getNextLevel / changeLevel / isQuest / forceDescend / maxPlayerDepth / maxDepth.
parity/ledger/game-effect-teleport.yaml	78	deferred			The trap / glyph-ward / damaging-terrain / web destination predicates (square_isplayertrap / _iswarded / _isdamaging / _iswebbed): traps (#21) and damaging terrain; injected predicates that default to absent.
parity/ledger/game-effect-teleport.yaml	81	deferred			Arena levels, decoys (cave_find_decoy / square_destroy_decoy), sound (MSG_TELEPORT / MSG_TPOTHER / MSG_TPLEVEL) and the monster "puzzled" message (add_monster_message): their subsystems are not modelled (sound #26, lore #19).
parity/ledger/game-effect-terrain.yaml	53	deferred			The player square-memory half of cave-map.c (square_memorize / mark / forget, square_know_pile / sense_pile, square_light_spot redraws) rides the map-memory layer (#24/#25); the web renderer holds its own explored set. PF_UNLIGHT's dark-memorization likewise.
parity/ledger/game-effect-terrain.yaml	57	deferred			expose_to_sun / is_daytime on the surface ride the town day-night cycle; arena levels are not modelled (depth 0 takes the town branch).
parity/ledger/game-effect-terrain.yaml	59	deferred			birth_levels_persist (CREATE_STAIRS) and show_damage (EARTHQUAKE) are options (#30); total_winner recall interplay is with RECALL's ledger.
parity/ledger/game-effect-terrain.yaml	61	deferred			DESTRUCTION's artifact bookkeeping (history_lose_artifact / mark_artifact_created) rides artifact upkeep (#24) - nothing marks artifacts created yet, so a destroyed artifact can regenerate; EARTHQUAKE's square_changeable artifact check IS ported (artifact piles shield their grid).
parity/ledger/game-effect-terrain.yaml	66	deferred			DARKEN_AREA's monster-target branch (monster_target_monster, #19) and decoy branch (monster_is_decoyed, #24); MDESC names and the MON_MSG plural grammar ride the display layer (#25) - the race name stands in for the quake messages, shown only for visible monsters.
parity/ledger/game-effect-terrain.yaml	70	deferred			player_handle_post_move after the quake displacement rides the teleport env's onPlayerPostMove hook (installed by wireGame).
parity/ledger/game-floor.yaml	39	deferred			push_object (L1166): needs the door/trap interplay (squares become unable to hold objects) - lands with trap.c (#21) / door commands (#20).
parity/ledger/game-floor.yaml	41	deferred			The known-object shadow cave (player->cave, obj->known) and list_object/delist_object oidx bookkeeping - knowledge system (#24); the pile map itself serves as the object list.
parity/ledger/game-floor.yaml	44	deferred			Mimicked-object handling (obj->mimicking_m_idx) - mimic reveal.
parity/ledger/game-floor.yaml	45	deferred			square_note_spot / square_light_spot redraw calls - render layer (#25).
parity/ledger/game-gear.yaml	58	deferred			Starting-gold deduction p->au -= object_value_real(obj, number): obj-value.c (obj-power) IS ported (obj/power.ts); at this site no gold is deducted and starting gold is HIGHER than upstream until it lands. No fake valuation is used.
parity/ledger/game-gear.yaml	63	deferred			eopts birth-option exclusion: birth options are not modelled, so eopts are treated as "no exclusions". This equals upstream behaviour with the default birth options (e.g. the Warrior's Word of Recall scroll, excluded only when birth_no_recall is ON, is included by default).
parity/ledger/game-gear.yaml	67	deferred			pack overflow reordering (combine_pack / pack_overflow): inven_carry_num and pack_slots_used are now ported (the pack-room GATE is enforced for transactions), but the reorder/overflow-slot handling on an over-fill is still DEFERRED - a birth kit never overflows.
parity/ledger/game-gear.yaml	71	deferred			The DISPLAY half of obj-knowledge in player_outfit (object_flavor_aware, object_set_base_known, update_player_object_knowledge) and the obj->known twin, consistent with obj/object.ts. NOT deferred: modifier-rune learning, which wieldObject now runs via object_learn_on_wield (obj/knowledge.ts) so worn pval bonuses go live immediately.
parity/ledger/game-gear.yaml	76	deferred			The equip_cnt UI counter (p->upkeep->equip_cnt).
parity/ledger/game-gear.yaml	77	deferred			The running carried-weight total (p->upkeep->total_weight beyond the reset to 0); recomputing it belongs to the calc/inventory owner.
parity/ledger/game-gear.yaml	79	deferred			The take-off / inventory command layer (inven_wield messaging, inven_takeoff, inven_drop) and the quiver (quiver_absorb_num, OSTACK_QUIVER handling): out of scope for the birth substrate. gear_object_for_use is now ported (used by the store transactions).
parity/ledger/game-gear.yaml	83	deferred			Re-deriving calc_bonuses from the populated equipment and wiring actor.weapon / actor.defense: owned by player/calcs.ts (downstream).
parity/ledger/game-known.yaml	41	deferred			The full player->cave twin (known traps as trap instances, per-object known twins with pval/ego knowledge) rides object knowledge and #25; the sense markers do not record which predicate sensed them, so a know/sense of a different object class can clear them (upstream keeps per-object knowledge).
parity/ledger/game-known.yaml	46	deferred			update_mon's telepathy (RF_TELEPATHY equipment), infravision, SEE_INVIS, monster_is_in_view distance/light weighting and the disturb-on-appear side effects ride the full visibility model; invisible monsters are simply never seen without detection.
parity/ledger/game-known.yaml	50	deferred			square_light_spot / PR_ redraws ride presentation (the web renderer repaints fully each frame).
parity/ledger/game-mon-cast.yaml	34	deferred			disturb(player), spell_message and spell_check_for_fail_rune are injected hooks: the message selection (seen / blind / save text) and the fail-rune learning are UI / lore concerns (#24).
parity/ledger/game-mon-cast.yaml	37	deferred			Summon and shapechange subtypes (S_KIN, SHAPECHANGE, ...) need their name resolvers injected (mon-summon.c summon_name_to_idx, player shapes); absent, the chain cannot build and the cast fizzles via the unresolved hook. The EF_SUMMON handler itself is still a stub until monster generation lands.
parity/ledger/game-mon-cast.yaml	41	deferred			choose_attack_spell / remove_bad_spells / make_attack_spell (mon-attack.c): the spell-selection AI that decides whether and which spell a monster casts on its turn - the next #19 increment; doMonSpell is the executor it calls.
parity/ledger/game-mon-cmd.yaml	58	deferred			Monster names are the race name until MDESC (#25); the light-purple commanded-monster highlight (ui-display.c) rides #25.
parity/ledger/game-mon-cmd.yaml	60	deferred			The cast branch's interactive re-target prompt (target_set_monster NULL + get_aim_dir) is UI; the player's current target stands in.
parity/ledger/game-mon-cmd.yaml	62	deferred			CMD_DROP no-ops: monster-held objects (mon->held_obj, get_random_monster_object) are not modelled yet.
parity/ledger/game-mon-cmd.yaml	64	deferred			The monster-target branches of the mon-blow-effects handlers reduce to their damage + the critical stun (blind/confuse/poison etc. on a monster victim, and the blinked teleport, ride the full mon-blow-effects monster path).
parity/ledger/game-mon-cmd.yaml	68	deferred			square_smash_wall's neighbour scouring reduces to the wall becoming floor; door bashing does not roll the upstream broken-vs-open split beyond square_smash_door -> BROKEN.
parity/ledger/game-mon-cmd.yaml	71	deferred			TMD_COMMAND's timed-effect definition messages ride the player-timed grade table (the direct field set matches player_set_timed's no-notify call).
parity/ledger/game-mon-group.yaml	48	deferred			monster_can_see (mon-util.c) IS plain line of sight in the C, so rouse using plain line of sight is exact, not a substitution (it also weighs range and light).
parity/ledger/game-mon-group.yaml	51	deferred			monster_group_index_new grows state.groups on demand rather than capping at z_info->level_monster_max, so it never returns 0 (fail); behaviour is otherwise identical.
parity/ledger/game-mon-group.yaml	54	deferred			Summon-group assignment at summon time (summon_group's caller in the EF_SUMMON handler) lands with monster summoning.
parity/ledger/game-mon-list.yaml	38	deferred			The flicker-animation attr is collected but there is no per-frame redraw in the engine (rides the front-end draw layer).
parity/ledger/game-mon-list.yaml	40	deferred			ui-mon-list.c (the terminal section headers, the "you see / are aware of N monsters" summary text, the too-many-to-fit truncation, and the map cursor tracking) is the draw half, replaced by each shell's own panel.
parity/ledger/game-mon-place.yaml	63	deferred			mon_create_drop / mon_create_mimicked_object ride the monster-inventory subsystem (monster_carry / held objects); summoned monsters carry no loot yet, and ORIGIN_DROP_SUMMON stamps with it.
parity/ledger/game-mon-place.yaml	66	deferred			add_to_monster_rating and the cheat_hear OOD messages ride level feelings (#25); num_repro counting rides breeders; the PU_UPDATE_VIEW monster-light refresh rides the FOV consumers.
parity/ledger/game-mon-place.yaml	69	deferred			Killed-unique max_num zeroes are session-lifetime only; persisting them rides the save format (a lore/race-state section, #24).
parity/ledger/game-mon-place.yaml	71	deferred			compact_monsters / monster_index_move ride the level-cap pressure path (the port's monster list grows on demand); wipe_mon_list beyond the racial-count half is the session's store swap.
parity/ledger/game-mon-ranged.yaml	49	deferred			The birth_ai_learn knowledge filter (unset_spells in remove_bad_spells): the AI's memory of player resists; the option is off by default.
parity/ledger/game-mon-ranged.yaml	51	deferred			RSF_HEAL_KIN's find_any_nearby_injured_kin scan: monster groups (#19); the injured-kin test is an injected hook, default none (so HEAL_KIN is dropped).
parity/ledger/game-mon-ranged.yaml	53	deferred			The monster-lore updates are DONE (mon-lore.yaml): a seen cast learns the spell flag and counts cast_innate / cast_spell, and a fatal cast counts a death. become_aware for a camouflaged caster is NOW WIRED (session/game.ts installs state.becomeAware -> game/known.ts becomeAware into installMonsterCasting's config); the failure / cast messages remain injected hooks.
parity/ledger/game-mon-ranged.yaml	59	deferred			The decoy target and the non-player-target witness path (square_isview along project_path): decoys and monster-vs-monster targeting are not modelled here.
parity/ledger/game-mon-ranged.yaml	61	deferred			The session / web layer still needs to call installMonsterCasting during startGame (with the effect registry, cast context and bound spells) to enable casting in the shipped game; the core seam and integration are complete.
parity/ledger/game-obj-cmd.yaml	50	deferred			do_cmd_inscribe / uninscribe / autoinscribe (setters; land with UI).
parity/ledger/game-obj-cmd.yaml	51	deferred			do_cmd_refill (fuel model), do_cmd_use dispatcher (UI menu), do_cmd_cast / study (player spells, #22).
parity/ledger/game-obj-cmd.yaml	53	deferred			The glyph-of-warding push_object interaction (traps #21).
parity/ledger/game-obj-cmd.yaml	54	deferred			Command repetition (can_use == 0 retry), the !t take-off confirmation and the ring-slot choice (get_check / cmd_get_item, UI #25). The shapechange gating (player_get_resume_normal_shape) is DONE (game-shape.yaml): takeoff/wield/drop and the scroll/staff/wand/rod/ activate family resume the normal form first (confirm seam, default yes); eat/quaff stay ungated as upstream.
parity/ledger/game-obj-cmd.yaml	60	deferred			The work_obj known-copy machinery and object descriptions (knowledge #24 / UI #25); messages are hooks.
parity/ledger/game-pickup.yaml	49	deferred			The pickup menu (get_item over USE_FLOOR) is the chooseItem seam; the headless default picks the pile head, one object per 'g' press (ui #25 supplies the real menu, restoring the recursive menu loop).
parity/ledger/game-pickup.yaml	52	deferred			square_know_pile / OFLOOR_VISIBLE marking (knowledge #24): every object on the grid is visible; unmarked objects cannot yet exist. This also means object_touch's find-ON-SIGHT path (square_know_pile calling it the instant a pile becomes known, not only on pickup) is not reproduced; only the pickup path fires state.onArtifactFound (ledgered in player-history.yaml).
parity/ledger/game-pickup.yaml	58	deferred			ignore_item_ok (obj-ignore #24): isIgnored hook, nothing ignored.
parity/ledger/game-pickup.yaml	59	deferred			get_quantity partial-pickup prompt (ui): defaults to the carryable max.
parity/ledger/game-pickup.yaml	60	deferred			Weight tracking (p->upkeep->total_weight) and PN_IGNORE notice - with the inventory upkeep layer.
parity/ledger/game-player-path.yaml	78	deferred			find_path uses prepare_pfdistances + pfdistances_to_path, NOT the patched-distance A* (an equal-result performance optimization); paths match upstream up to tie-breaking. The relaxation queue is a plain array shift() (upstream's q_queue); correctness is identical.
parity/ledger/game-player-path.yaml	82	deferred			convert_turn_penalty (the door / rubble penalties assume moving costs z_info->move_energy, the common case; movement-speed class energy is unported) and compute_rubble_penalty's swap-to-best-digger recalculation (the wielded DIGGING skill decides, as in tunnelAux). compute_locked_penalty's dark / PF_UNLIGHT lighting nuance rides light. square_isdamaging is reduced to fiery terrain (lava).
parity/ledger/game-player-path.yaml	88	deferred			Pathfinding reads live terrain gated by square_isknown rather than the remembered feat itself (identical for seen grids; only stale memory from magic mapping could differ), matching the running engine.
parity/ledger/game-player-path.yaml	91	deferred			do_cmd_pathfind / do_cmd_explore are registered core actions but not yet wired to a web click / key (no grid-click handler exists front end); the running keypress is wired.
parity/ledger/game-player-path.yaml	94	deferred			disturb() from events OTHER than run_test's own per-step checks (a monster waking or closing from behind, taking damage, a status message, resting). disturb() is exported so those sites call it as they land with the monster-AI / message / rest layers; run_test already stops for anything the runner moves toward.
parity/ledger/game-player-path.yaml	99	deferred			The OF_TRAP_IMMUNE / shape-flag half of player_is_trapsafe (only the TMD_TRAPSAFE timer is read; #13 equipment flags); the running torch-radius recompute (PU_TORCH, light layer); the running-straight-into-a-trap-disarms nuance (move_player's disarm arg, trap layer); ignore_item_ok on remembered objects (#24 ignore) - any remembered floor object aborts, matching the "everything seen is known" front
parity/ledger/game-player-side.yaml	48	deferred			player_inc_check's fail-condition messages before the confusion messages (the timed registry check runs, but the pre-check message gating is simplified to always announcing).
parity/ledger/game-player-side.yaml	51	deferred			update_smart_learn (monster learning the player's resists) rides lore (#24); PR_MANA and the other redraw masks are display.
parity/ledger/game-project-cast.yaml	85	deferred			effect_handler_LASH (L899): the whip/spit finite beam - its damage is summed from the caster's monster blows (mon->race->blow[]), so it lands with the monster-spell layer (#19) that already has that data; the projection shape itself is a short beam (castShortBeam).
parity/ledger/game-project-cast.yaml	89	deferred			The effect-registry wiring (registering these as the EF_* handlers) and the player-timed / EffectPlayer adapters for the general handlers - next increment.
parity/ledger/game-project-cast.yaml	92	deferred			resolveAimedTarget's monster branch (confused direction, target-monster, decoy) and the target system (target_okay / target_get) - #19 / #24.
parity/ledger/game-project-cast.yaml	94	deferred			onObject (#20 floor objects) and onFeature (#21 traps/terrain) projection hooks; breath_dam for monster breath damage (#19).
parity/ledger/game-project-cast.yaml	96	deferred			A real PlayerProjActor from calc_bonuses (resists, damage reduction, minus_ac) replaces basicPlayerActor's zeroes.
parity/ledger/game-project-feat.yaml	40	deferred			square_forget / square_unmark and the PU_UPDATE_VIEW | PU_MONSTERS masks: the core keeps no player square-memory yet (the web renderer holds its own explored set); FOV refresh rides state.updateFov.
parity/ledger/game-project-feat.yaml	43	deferred			expose_to_sun / is_daytime and square_isbright's surface interplay: no town or day-night cycle yet (#24/#25).
parity/ledger/game-project-feat.yaml	45	deferred			The decoy branch (square_destroy_decoy) rides mon-desire (#24).
parity/ledger/game-project-feat.yaml	46	deferred			push_object's trap re-run (square_add_trap on the restored feature) and its queue-size cap (z_info->floor_size) are simplified: the port excises a snapshot and re-drops it.
parity/ledger/game-project-monster.yaml	41	deferred			The onKill / onMonsterDeath bodies (player_kill_monster / monster_death: experience, treasure drops, quest completion) are blocked on floor-object piles (#20), lore (#24), experience and quests; supplied as hooks.
parity/ledger/game-project-monster.yaml	44	deferred			polymorph needs monster generation (get_mon_num / place_new_monster); a hook that no-ops until then.
parity/ledger/game-project-monster.yaml	46	deferred			The teleport and thrustAway hooks are now BACKED in wireGame by teleportMonster (game/effect-teleport.ts) and thrustAway (game/thrust.ts); worldless callers still get the inert defaults.
parity/ledger/game-project-monster.yaml	49	deferred			delete_monster_idx's held-object drop, monster-group, mimic, racial-counter and targeting/redraw bookkeeping are deferred with their subsystems.
parity/ledger/game-project-monster.yaml	51	deferred			update_mon / square_light_spot / PR_MONSTER collapse into the onUpdate hook.
parity/ledger/game-project-obj.yaml	29	deferred			KILL_TRAP's chest unlock (is_locked_chest / unlock_chest): chests ride with obj-chest.c (#24).
parity/ledger/game-project-obj.yaml	31	deferred			Mimic reveal (obj->mimicking_m_idx -> become_aware): mimics are not in the live loop yet.
parity/ledger/game-project-obj.yaml	33	deferred			The protected_obj parameter (the object that created the projection): the engine's onObject hook does not thread it and no live caller projects from an object yet.
parity/ledger/game-project-obj.yaml	36	deferred			obj->known twin updates in inven_damage, ignore_item_ok checks (#24), gear_to_label lettering, PU_BONUS/PR_EQUIP redraw flags (display), and cmd_disable_repeat_floor_item.
parity/ledger/game-project-obj.yaml	39	deferred			inven_damage call sites in project-player.c (side effects computing cperc from elemental damage) land with the project-player tail.
parity/ledger/game-project-player.yaml	26	deferred			The per-type side effects themselves (blindness from light, stun from sound, cuts from shards, poison, confusion, stat/exp drain, inventory damage) land with their subsystems and the player-timed adapter; supplied via onSideEffects.
parity/ledger/game-project-player.yaml	30	deferred			The decoy-hit branch (square_isdecoyed / square_destroy_decoy) is omitted - decoys ARE modelled: EF_GLYPH with the DECOY subtype sets GameState.decoy (game/effect-general.ts:199), exactly as upstream creates one.
parity/ledger/game-project-player.yaml	33	deferred			update_smart_learn (the monster learning the player's resistances) and the killer-name resolution are the caller's responsibility.
parity/ledger/game-shape.yaml	72	deferred			The shape blow verbs are bound but the shape unarmed attack itself (py_attack_real's player_is_shapechanged branch over shape->blows) rides the combat layer; a shapechanged player still attacks with the normal unarmed path.
parity/ledger/game-shape.yaml	76	deferred			TMD_ATT_VAMP's vampire-bite effect rides that timed effect's consumers; resume just clears the timer.
parity/ledger/game-shape.yaml	78	deferred			MON_MSG_SHAPE_FAIL's message text rides the monster-message table (#25); PR_TITLE / PR_MISC / PR_HEALTH redraws ride #25.
parity/ledger/game-shape.yaml	80	deferred			The commanded-monster / mimic interactions with shapes (mimicked objects) ride monster mimicry.
parity/ledger/game-target.yaml	76	deferred			The interactive targeting UI (ui-target.c: the * browsing loop, look prompts, panel scrolling, path drawing) rides presentation (#25); target_pick and target_get_monsters are its complete engine half. Monster names in messages are the race name until MDESC.
parity/ledger/game-target.yaml	80	deferred			panel_contains in target_sighted and restrict_to_panel in target_get_monsters are injected (panels are UI state; the default accepts everything / scans max_range as the upstream else-branch).
parity/ledger/game-target.yaml	83	deferred			ignore_known_item_ok in target_accept (the ignore system is a later #24 slice); every remembered object is interesting for now. The unknown_item_kind marker is the KnownMap's null-glyph memory.
parity/ledger/game-target.yaml	86	deferred			monster_race_track in target_set_closest rides monster lore (#24); healthWho covers health_track. project.c's health_track on a struck visible monster (L978) and player-attack.c's ranged-fire targeting (L1070) / fire_at_nearest (L1440) ride the missile-fire command.
parity/ledger/game-target.yaml	90	deferred			cmd-core.c L959 (the cmd_get_target retry when a stale DIR_TARGET has no okay target) rides the command-prompt layer (#25).
parity/ledger/game-thrust.yaml	25	deferred			Taking fire damage on the lava landing grid is the terrain-damage movement pass (the message is emitted here as upstream).
parity/ledger/game-trap.yaml	49	deferred			player_is_trapsafe and the OF save-flag equip learning ride the playerHasFlag hook (rune knowledge, #13/#24) - default: no flags, no trap immunity.
parity/ledger/game-trap.yaml	52	deferred			square_memorize_traps / the player's shadow cave (knowledge #24): the VISIBLE instance flag doubles as the render gate.
parity/ledger/game-trap.yaml	54	deferred			no_light in the unlock/disarm penalties (light model); monster glyph and web interactions in the monster AI (mon-move); trap-created terrain effects that need unported effect handlers fizzle silently.
parity/ledger/game-trap.yaml	57	deferred			The trapdoor persistent-levels option check (birth options).
parity/ledger/gen-cave.yaml	48	deferred			labyrinth_gen, cavern_gen, moria_gen, lair_gen, gauntlet_gen, hard_centre_gen and arena_gen are NOT ported. Their builder keys are registered but delegate to modified_gen, and their profiles are not enabled for selection by default (createDungeonProfiles enables only town/classic/modified). choose_profile still consults find("moria") / find("labyrinth") and correctly skips them when absent. A mod 
parity/ledger/gen-cave.yaml	55	deferred			town_gen: replaced by a minimal open, lit level with a perimeter wall and one down staircase. Full town generation (stores, home, day/night monster population) is a separate later task.
parity/ledger/gen-cave.yaml	58	deferred			Persistent-level handling: build_staircase_rooms, get_join_info, transform_join_list, connectors and the one_off_above/below avoidance are not exercised (dun.persist is always false).
parity/ledger/gen-cave.yaml	61	deferred			Themed levels and the streamer treasure-chance nuances beyond magma/quartz upgrade.
parity/ledger/gen-framework.yaml	57	deferred			Pit/nest monster theming (mon_restrict): pits place any depth-appropriate monster (group_ok off, as upstream). Placement RNG order therefore diverges from upstream where theming would have restricted the table; structural invariants are asserted instead. NOTE monster group/escort spawning (place_new_monster / place_friends / place_new_monster_group / the escort-base prep hook) is now PORTED in gen
parity/ledger/gen-framework.yaml	67	deferred			place_trap only records the grid (the trap domain / trap objects are not ported); square_set_door_lock is a no-op but its RNG roll is preserved.
parity/ledger/gen-framework.yaml	69	deferred			Arena and quest levels, persistent-level connectors (join / one_off), the known-level ("player cave") duplicate, level feeling (place_feeling / calc_*_feeling), and dump_level HTML output.
parity/ledger/gen-framework.yaml	72	deferred			The birth_connect_stairs / birth_levels_persist player-option paths of new_player_spot (exposed as an injected createStair parameter).
parity/ledger/gen-rooms.yaml	50	deferred			nest / pit: the room shell (outer room, inner room, single door) is faithful, but monster theming is simplified - the inner room is filled with any depth-appropriate monster rather than a themed pit_profile (set_pit_type / mon_pit_hook / pit.txt selection ARE ported: gen/gen-monster.ts:205 and gen/room.ts:1341). Object rarity fill and the concentric pit monster layout are not reproduced.
parity/ledger/gen-rooms.yaml	56	deferred			vault racial glyphs (get_vault_monsters): each alphabetic racial glyph places any depth-appropriate monster (Lesser/Medium/Greater depth boost kept) rather than a base-symbol-restricted one.
parity/ledger/gen-rooms.yaml	59	deferred			build_moria, build_room_of_chambers, build_huge: registered but return false (fall through to another room profile exactly as room_build does on failure). Their profiles are not enabled for selection (see gen-cave).
parity/ledger/gen-rooms.yaml	62	deferred			random_room_template / random_vault iterate the loaded arrays in file order; upstream walks a reverse-of-file-order linked list, so the specific template/vault chosen for a given seed may differ (the reservoir draw count and uniform probability are unchanged). Not verified against a C run.
parity/ledger/mon-lore-describe.yaml	54	deferred			Spell / breath damage numbers (mon_spell_dam / nonhp_dam, mon-spell.c) are not bound to the casting race yet (mon/spell.ts defers them), so monSpellLoreDamage returns 0 via deps.spellLoreDamage when absent - upstream omits the "(N)" at 0 damage. The integration seam is deps.spellLoreDamage.
parity/ledger/mon-lore-describe.yaml	58	deferred			The player's melee hit chance (lore_append_toughness L1086) and the monster's blow hit chance / its centidamage average (lore_append_attack L1710) need the player-attack combat math + live defensive state; they are the deps.meleeHitPercent / deps.monsterHitPercent callbacks, defaulting to 0 when the combat layer does not supply them.
parity/ledger/mon-lore-describe.yaml	63	deferred			spell_color (mon-lore.c L59) and blow_color (L178) read the player's known_state (resists / skills / inventory) for danger colouring; defaulted to the datum's base lore colour (loreColorBase), overridable via deps.spellColor / deps.blowColor.
parity/ledger/mon-lore-describe.yaml	67	deferred			The title's optional secondary glyph (monster_x_char / monster_x_attr), purple_uniques recolouring, and tile-size gating (ui-mon-lore.c L47-L74) are presentation state not modelled; only "The " / name / primary glyph are emitted.
parity/ledger/mon-lore-describe.yaml	71	deferred			A game-layer LoreDeps adapter (building the deps from GameState + the combat callbacks) lands when the recall panel is wired into a shell; the module is pure and deps-injected until then.
parity/ledger/mon-lore.yaml	67	deferred			The recall text generation (lore_append_* over textblocks, spell / blow colors, lore_describe_awareness / _speed, the pronoun tables) is the monster recall screen and rides presentation (#25); the lore->drops / friends / mimic_kinds known-copies exist only for that walk and are read off the race gated on drop_known when it lands.
parity/ledger/mon-lore.yaml	72	deferred			monster_race_track / PR_MONSTER redraws (upkeep display) ride #25.
parity/ledger/mon-lore.yaml	73	deferred			lore->thefts (mon-util.c L1504 steal blows) rides the monster-melee side-effect application (EAT_ITEM/EAT_GOLD intents are produced but not yet applied); lore_treasure's call site rides monster drops (mon_create_drop, ledgered with mon-place).
parity/ledger/mon-lore.yaml	77	deferred			lore_learn_flag_if_visible in mon/timed.ts (flag-resisted monster timed effects) rides a lore seam through monTimed's callers; cmd-cave.c's TMD_COMMAND cast counts ride EF_COMMAND.
parity/ledger/mon-lore.yaml	80	deferred			tkills survives only within one save (upstream's cross-life lore file has no analogue); player-birth's pkills/thefts zeroing is implicit (each game starts a fresh store).
parity/ledger/mon-lore.yaml	83	deferred			cheat_monster_lore's wizard command rides #29; lore_save (the lore.txt dump) rides the user-file layer if ever needed.
parity/ledger/mon-predicate.yaml	36	deferred			monster_is_decoyed: needs cave_find_decoy + los + a live cave; a decoy only exists once the create-decoy effect is ported, so this predicate is omitted until then (currently unreachable).
parity/ledger/mon-predicate.yaml	39	deferred			lore side effects: none here (mon-predicate.c is side-effect free).
parity/ledger/mon-spell.yaml	38	deferred			do_mon_spell (L345): executes a spell's effect chain through effect_do with a monster source - the game/ layer wiring (spell messages, the saving throw, spell_check_for_fail_rune), a follow-up increment now that the effect handlers and the game effect env exist.
parity/ledger/mon-spell.yaml	42	deferred			choose_attack_spell / remove_bad_spells / make_attack_spell (mon-attack.c): the spell-selection AI, a follow-up increment (needs player resist knowledge and the monster turn integration).
parity/ledger/mon-spell.yaml	45	deferred			nonhp_dam (L571) / mon_spell_dam (L637) / mon_spell_lore_description (L681) / mon_spell_lore_damage (L698): the lore damage calculations roll spell-effect dice whose expressions can reference the casting race (upstream's ref_race), which is bound with the monster-lore / recall layer (#24).
parity/ledger/mon-take-hit.yaml	31	deferred			player_kill_monster (the death routine): supplied via the onKill hook for now; ported with the effect / command layer (experience, drops, messages).
parity/ledger/mon-take-hit.yaml	33	deferred			The arena-level branch of mon_take_hit (arena mode is not modelled) and the PR_HEALTH redraw (a UI concern) are omitted; both are unreached here.
parity/ledger/mon-take-hit.yaml	35	deferred			Existing melee damage is still applied inline in game/player-turn.ts (pyAttack); routing it through monTakeHit is a follow-up once the death hook is filled in.
parity/ledger/mon-timed.yaml	36	deferred			MON_TMD_CHANGED shapechange (monster_change_shape / _revert_shape, mon-util.c): the CHANGED timer is set but the form is not swapped. CHANGED is only set by an unported effect, so this path is currently unreachable.
parity/ledger/mon-timed.yaml	39	deferred			lore_learn_flag_if_visible on a flag-resist (mon-lore.c): PORTED at mon/lore.ts:150 and called from monster-turn.ts:1294; ledgered with the monster-memory system (see the late/optional task).
parity/ledger/mon-timed.yaml	42	deferred			the health-bar / monster-list redraw (player->upkeep redraw masks): UI upkeep.
parity/ledger/obj-desc.yaml	58	deferred			PlayerObjectKnowledge has no dd/ds/ac runes (upstream p->obj_k->dd/ds/ac); the dice / base-ac display is gated by the object's ASSESSED bit, which is when upstream learns them in practice.
parity/ledger/obj-desc.yaml	61	deferred			object_flavor_aware side effects in player_know_object's jewellery / special-artifact branches (mutating the shared FlavorKnowledge and propagating over gear + stores) are not run from the shadow (KnownDesc is read-only); they belong with the awareness-propagation wiring.
parity/ledger/obj-desc.yaml	65	deferred			Store "{tried}" marker: no live tried seam on GameState, so the adapter's isTried reports false (game/describe.ts).
parity/ledger/obj-desc.yaml	67	deferred			chest trap name, the " {ignore}"/"{ignore}" markers (no ignore-name surface), the everseen mutations, and ODESC_CAPITAL (a caller concern in 4.2.6) are omitted.
parity/ledger/obj-desc.yaml	70	deferred			The game-layer name sites are migrated onto describeObject: obj-list.ts objectListEntryName (ODESC_PREFIX | ODESC_FULL | ODESC_ALTNUM, the summed count driving the article / "~" plural), the effect-handler messages (enchant "glow", brand aura, remove-curse "fragile", curse armour/weapon, disenchant), project-obj.ts (project_o unaffected / kill, inven_damage), and the web pickup message. object_lis
parity/ledger/obj-desc.yaml	77	deferred			The remaining objBaseName / baseName approximations live in obj/knowledge.ts (the rune / flag learn-by-use messages), which run on a RuneEnv, not a full GameState; routing them through the game-layer describeObject would invert the module dependency, so they stay with the awareness-propagation wiring (same boundary as the object_flavor_aware deferral above). Store transaction messages await a stor
parity/ledger/obj-flavor.yaml	51	deferred			The proper RANDNAME_TOLKIEN Markov generator now exists (randname.ts); obj/randart.ts still uses its own simplified syllable stand-in for artifact names and could be migrated onto randnameMake + nameSections section 1 as a follow-on (ledgered in obj-randart).
parity/ledger/obj-flavor.yaml	55	deferred			flavor->d_attr is exposed on AssignedFlavor (FlavorAssignment.attr) for the unaware-glyph colour, but the map renderer / object-list colour is not yet routed through it; object_desc names do not use the attr.
parity/ledger/obj-flavor.yaml	58	deferred			object_flavor_aware's propagation side effects (revealing effects, fixing ignore/autoinscribe, refreshing store stock and floor glyphs on first awareness) stay with the awareness-propagation wiring, as before (obj-knowledge.yaml); flavor_init only does the initial aware-marking.
parity/ledger/obj-flavor.yaml	62	deferred			A pack shipping no names.json leaves nameSections empty; scroll titles are then skipped (unaware scrolls fall back to the plain "& Scroll~" base) since randnameMake cannot satisfy its acceptance test on an empty corpus. The shipped pack always includes names, so this is a test-fixture-only path.
parity/ledger/obj-ignore.yaml	75	deferred			Autoinscription (rune_autoinscribe / get_autoinscription / apply_autoinscription / autoinscribe_pack) and the per-item context ignore menu (textui_cmd_ignore_menu) - out of scope for the configuration-menu gap; ledgered as follow-ups.
parity/ledger/obj-ignore.yaml	79	deferred			object_ignore_flavor_of (L370) - the auto-ignore-on-first-sight hook, a separate obj-knowledge.c surface from the menu/ignore_drop pair.
parity/ledger/obj-ignore.yaml	81	deferred			The PN_IGNORE notice pass and the ignore redraw / EVENT signals ride presentation (#25); the port applies settings immediately on read (ignore_drop's own PN_IGNORE trigger is reproduced directly: the shell runs the drop pass right after a menu edit or 'K', with no deferred notice flag to carry).
parity/ledger/obj-ignore.yaml	86	deferred			object_is_ignored's !obj->known / object_fully_known guards are moot while the port has no per-object known twin (everything is known), so ignore_level_of always takes the fully-known branch.
parity/ledger/obj-ignore.yaml	89	deferred			"everseen" gating on the ego menu and the sval menu's aware rows (ego->everseen / kind->everseen) - the port tracks no per-ego/per-kind "seen" flag, so every ego/kind with a valid ignore type is listed regardless of whether the player has encountered it yet (can spoil ego/flavour existence early). A lightweight seen-set is a follow-up.
parity/ledger/obj-knowledge.yaml	89	deferred			The per-object obj->known twin and everything display-only that hangs off it - "had a chance to notice" markers (equip_learn_flag/element's else branches, the timed-mask union), object_fully_known's effect-knowledge half, update_player_object_knowledge's gear/store sweep, object_sense / object_see / object_touch / object_grab, and rune_note inscriptions. All land with the known-object/display syst
parity/ledger/obj-knowledge.yaml	96	deferred			object_learn_on_use's exp reward + PN_IGNORE (cmd-obj.c wiring exists for flavor awareness; the exp formula joins it with the ignore system).
parity/ledger/obj-knowledge.yaml	98	deferred			shape_learn_on_assume is DONE (game-shape.yaml); the shape branches of equip_learn_* (skipping merged gear while shapechanged) still ride the gear-merge model.
parity/ledger/obj-knowledge.yaml	101	deferred			temporary brands/slays (player-timed table, ledgered with improveAttackModifier). learn_brand_slay_helper's monster-lore learns are DONE (mon-lore.yaml).
parity/ledger/obj-knowledge.yaml	104	deferred			equip_learn_flag/element call sites living in unported upstream files (project-player.c resist learning rides #17; effect-handler learn calls ride #18; cmd-cave.c OF_AFRAID, player-util.c OF_REGEN/IMPAIR, mon-util.c, obj-chest.c ride their subsystems).
parity/ledger/obj-knowledge.yaml	108	deferred			object_flavor_aware's side effects (ignore/autoinscribe, store sweeps, floor-tile refresh) - FlavorKnowledge.setAware still sets only the bit.
parity/ledger/obj-knowledge.yaml	110	deferred			ODESC_BASE via object_desc: baseName() strips ~ and & from the kind name until the real object_desc lands (#25).
parity/ledger/obj-make.yaml	44	deferred			make_object book rejection (obj_kind_can_browse needs the player class spell realm); the reroll loop runs but the guard is inert for now.
parity/ledger/obj-make.yaml	46	deferred			make_gold birth_no_selling value inflation (needs player options).
parity/ledger/obj-make.yaml	47	deferred			*value* computation and the per-level out-of-depth boost details tied to knowledge/pricing.
parity/ledger/obj-model.yaml	53	deferred			The knowledge/ID system (obj-knowledge.c): no obj->known twin yet. Stacking/similarity rules that read player knowledge run as if all is known; OSTACK_LIST unknown-item checks and equipped-item checks stubbed. To land with the knowledge domain.
parity/ledger/obj-model.yaml	57	deferred			Curse timed-effect foil check (needs the player-timed fail field).
parity/ledger/obj-model.yaml	58	deferred			Inscription-driven ignore/pickup behavior (needs player + UI).
parity/ledger/obj-power.yaml	46	deferred			The moddable-body case where a data file maps a non-bow tval to the shooting slot; on the 4.2.6 baseline only TV_BOW does, so tvalIsLauncher is exact.
parity/ledger/obj-randart.yaml	50	deferred			artifact_gen_name's word list (randname.c randname_make + RANDNAME_TOLKIEN from the names datafile) is not ported; artifactGenName assembles a deterministic Tolkien-flavoured name from a local syllable table (bounded MIN_NAME_LEN..MAX_NAME_LEN) then applies the upstream one_in_(3) "'Name'" / "of Name" wrapper. Reproducible within the port, but names and their RNG draw count differ from upstream An
parity/ledger/obj-randart.yaml	56	deferred			The spoiler / log output (create_file, write_randart_entry L3043-L3215, randart.log, and the post-generation second measurement pass) is dropped: it never affects an artifact field or an RNG draw.
parity/ledger/obj-randart.yaml	59	deferred			Birth integration (the birth_randarts option that swaps the standard set for do_randart's output at game start, and persisting the randart seed in the save) rides the build-option flags (#30); doRandart is the generator, wired into startGame through the birth_randarts option (session/game.ts:599) with the seed persisted in the save (:459).
parity/ledger/obj-randart.yaml	64	deferred			mean / variance use floored double arithmetic rather than the upstream exact-rational multiprecision (z-util.c); artifact powers are small ints so the floored result is exact. remove_contradictory_activation is a conservative no-op (effect_summarize_properties is unported and it draws no RNG); add_brand base-element matching uses a local projection-name table.
parity/ledger/obj-value.yaml	37	deferred			The obj->known partial-knowledge twin: object_value upstream prices obj->known for variable-power items; with no known twin modelled this port values the real object, which is exact for a fully-known item (store stock, identified gear) and over-values only an item with still-unknown runes. Awaits the known-object model.
parity/ledger/obj-value.yaml	42	deferred			price_item is ported separately in packages/core/src/store/price.ts (ledgered in store-price.yaml).
parity/ledger/options.yaml	69	deferred			src/ui-options.c (2092 lines): the entire option MENU (keypress screens, the birth-option editor, the customized_*_options.txt load/save). This is the draw half / a platform-native menu concern (repo decision: platform- native menus). The store exposes get/set/names so a native menu can drive it, but no in-engine menu UI is ported.
parity/ledger/options.yaml	74	deferred			options_save_custom / options_restore_custom / options_restore_maintainer (option.c L213-L328): the per-user customized-defaults text files (ANGBAND_DIR_USER). Filesystem-bound and menu-adjacent; deferred with ui-options.c.
parity/ledger/options.yaml	78	deferred			The wizard/debug gate (game/wizard.ts WizardDeps.wizard) is NOT an OPT_ option (no list-options.h entry): it is the ALLOW_DEBUG + NOSCORE_WIZARD flag, a player/debug concern with no option-table value to read, so it stays a dep-injected boolean. The noscore side of enter_score (p->noscore) likewise remains an injected gate, not an option.
parity/ledger/options.yaml	83	deferred			birth_no_selling (store/price.ts, store/transact.ts) and birth_percent_damage (player/calcs.ts) keep their existing dep seams; they were outside this task's seam list and are left overridable (they read the same shipped defaults, so they can adopt state.options in a later pass).
parity/ledger/options.yaml	87	deferred			Non-gameplay interface options with no ported consumer yet (rogue_like_commands, solid_walls, purple_uniques, auto_more, ...) exist in the store with correct defaults but have no wired reader; presentation (#25) and the keymap layer will consult them when ported.
parity/ledger/player-exp.yaml	50	deferred			The PR_/PU_ display masks (redraw bookkeeping only; the derived state itself is recomputed regardless via onLevelChange).
parity/ledger/player-exp.yaml	52	deferred			(RESOLVED, task #56: history_add(HIST_GAIN_LEVEL) now fires from ExpDeps.onGainLevel, wired in session/game.ts and verified by this file's onGainLevel tests plus session/game.test.ts's level-up history assertion. See parity/ledger/player-history.yaml.)
parity/ledger/player-exp.yaml	56	deferred			The rest of player_kill_monster (uniques' max_num, quest checks, drops and monster_death) rides mon-util/lore (#24); onPlayerKill is the seam.
parity/ledger/player-exp.yaml	58	deferred			Ranged/thrown kill sites land with the fire/throw commands.
parity/ledger/player-exp.yaml	59	deferred			(EF_GAIN_STAT and the other stat/exp effect callers are now wired - game/effect-general.ts.)
parity/ledger/player-history.yaml	152	deferred			Find-on-sight (object_touch via square_know_pile, cave-square.c:1181): only the pickup path is wired; see the pickup.ts entry above.
parity/ledger/player-history.yaml	154	deferred			All six history_lose_artifact call sites (item destruction, level regeneration abandoning an artifact, store sales) - the ARTIFACT_LOST machinery and "(LOST)" display are implemented and tested but not yet triggered by any live game event.
parity/ledger/player-history.yaml	158	deferred			HIST_USER_INPUT (the take-notes command, cmd-misc.c:115) - no notes command exists in the port yet.
parity/ledger/player-history.yaml	160	deferred			Store purchase of an artifact calling history_find_artifact (store.c:1928) - stores do not yet stock artifacts.
parity/ledger/player-history.yaml	162	deferred			dump_history (ui-history.c:127-146, character-dump-to-file) - no character-dump feature in the port yet.
parity/ledger/player-history.yaml	164	deferred			The upstream '~' knowledge-menu entry point itself (ui-knowledge.c) is not built; '~' binds directly to the history screen as a shell adaptation instead.
parity/ledger/player-spell.yaml	66	deferred			convert_mana_to_hp (PF_COMBAT_REGEN) and player_over_exert's faint / CON drain on overcasting (the mana still empties; hook).
parity/ledger/player-spell.yaml	68	deferred			The low-mana "Attempt it anyway?" confirmation (get_check, UI) and TMD_FASTCAST's 3/4-turn cast (that timed effect's consumers).
parity/ledger/player-spell.yaml	70	deferred			no_light in player_can_cast and square_islit for the UNLIGHT penalty (light model); hooks default dark/lit-unknown.
parity/ledger/player-spell.yaml	72	deferred			player_exp_gain on first success (experience/level-up system; hook).
parity/ledger/player-spell.yaml	73	deferred			get_spell_info / spell value descriptions (ui-*.c, #25); browse menus.
parity/ledger/player-take-hit.yaml	30	deferred			onDeath supplies the full death routine (died_from, total_winner reset, death_knowledge, score, EVENT_DEATH); take_hit only sets isDead and calls the hook. cheatDeath defaults to absent, so death is final - matching the ratified no-save-scum policy (decision 16); the wizard/cheat_live "Die?" prompt wires in with the wizard layer.
parity/ledger/player-take-hit.yaml	35	deferred			The COMBAT_REGEN reward's PF_COMBAT_REGEN check and mana maths live in the injected combatRegenReward hook (the caller has the player flags + mana); take_hit does the kb_str exclusion filter itself, faithfully.
parity/ledger/player-take-hit.yaml	38	deferred			disturb, the PR_HP redraw, and bell() are UI hooks; message text is emitted verbatim (no substitution needed for these strings).
parity/ledger/player-timed.yaml	39	deferred			The on_begin_effect / on_end_effect chains (a 0<->positive transition would recurse into the effect interpreter) are surfaced via the onTransition hook; wiring the actual chains waits until the effect layer is threaded in.
parity/ledger/player-timed.yaml	42	deferred			The temp_resist / oflag_syn "don't mention an effect that duplicates known player state" notify suppression needs obj_k element/flag knowledge; it only silences a message and never changes the duration; the queries ARE supplied on the live path (makeIncCheckQueries, game/player-side.ts).
parity/ledger/player-timed.yaml	46	deferred			print_custom_message's weapon-name substitution (messages are emitted verbatim; none of the ported effects substitute) and the disturb + PR_/PU_ redraw + handle_stuff bookkeeping (collapsed into the onNotify hook).
parity/ledger/player-timed.yaml	49	deferred			player_inc_check's learning side effects (equip_learn_flag / equip_learn_element / update_smart_learn and the "You resist!" message) are part of the lore / knowledge system, which is ported.
parity/ledger/project-mon.yaml	39	deferred			The project_m driver itself (L1328) and its three appliers - project_m_monster_attack (L1034), project_m_player_attack (L1102, routes through mon_take_hit), project_m_apply_side_effects (L1177) - land in the next increment, wiring damage application, polymorph (poly_race + place_new_monster), teleport (effect_simple EF_TELEPORT, ported in game/effect-teleport.ts), and the thrust.
parity/ledger/project-mon.yaml	46	deferred			poly_race (L45) and thrust_away (L87): poly_race needs get_mon_num (monster generation) and thrust_away needs monster_swap / feature projectability on a live cave; both are supplied to the driver rather than ported here.
parity/ledger/project-mon.yaml	49	deferred			The PR_HEALTH-tracked branch of MON_HEAL (a UI redraw) is dropped; the "looks healthier" message branch is taken unconditionally, matching an untracked monster.
parity/ledger/project-path.yaml	51	deferred			The per-target GF_ handlers project_f/o/m/p (project-feat/obj/mon/player.c): supplied to project() as hooks for now; ported with the effect handlers.
parity/ledger/project-path.yaml	53	deferred			Decoys (cave_find_decoy): not modelled, so the PROJECT_STOP decoy check uses a (-1,-1) sentinel that never matches; a decoy exists only once the create-decoy effect is ported.
parity/ledger/project-path.yaml	56	deferred			PROJECT_INFO's square_isbelievedwall (the player's remembered map): not modelled, approximated by real projectability. Only targeting display uses it (deferred UI), so it is currently unreached by ported callers.
parity/ledger/project-path.yaml	59	deferred			player_sees_grid / panel_contains and update_stuff: viewport + upkeep concerns left to the caller/UI, so the driver does not compute them.
parity/ledger/project-path.yaml	61	deferred			Faithful deviation: on the player-death early return the driver clears the SQUARE_PROJECT marks first (upstream leaves them set and relies on level teardown); unobservable but avoids stale marks on a retained Chunk.
parity/ledger/projection-data.yaml	31	deferred			adjust_dam's internal el_info[res_type].res_level lookup, the ICE->COLD res_type remap, equip_learn_element, and minus_ac(p) are the caller's responsibility (they read live player state / knowledge); adjustDam takes the resolved resistLevel and a minusAc flag.
parity/ledger/projection-data.yaml	35	deferred			The damage-cap and divisor are bound but not applied here; the attack effect handlers apply the cap when they compute breath / ball damage, and the geometry layer (world/project.ts) computes its own distance falloff.
parity/ledger/projection-data.yaml	38	deferred			Colour is kept as the raw name for the render layer to resolve; msgt as the MSG_ name.
parity/ledger/session-save.yaml	80	deferred			Multiple save slots / per-character files and the quit-to-title flow (boot/title UX, decision 21 / #25).
parity/ledger/session-save.yaml	82	deferred			Store stock, mimicked-object and monster held-object contents ride with their subsystems (stores are session-scoped, mimics/monster inventories not yet live in the loop).
parity/ledger/session-save.yaml	85	deferred			The determinism-ratchet mode label (decision 22) joins the save header when the mod loader lands.
parity/ledger/session-save.yaml	87	deferred			Level persistence options (birth_levels_persist) - levels regenerate, as the shipped upstream default.
parity/ledger/store-bind.yaml	40	deferred			The behavioural half of store.c: price_item is now PORTED (store/price.ts, ledgered in store-price.yaml). Ported since: stock maintenance (store_maint, mass_produce, store_create_random, store_create_item); store_carry / home_carry / store_check_num / store_will_buy; store_shuffle / store_reset / store_update; and the buy/sell/stash/retrieve commands (do_cmd_buy etc., need the command queue and pl
parity/ledger/store-bind.yaml	46	deferred			The town-book expansion of alwaysBookTvals (needs class-book metadata).
parity/ledger/store-bind.yaml	47	deferred			The runtime current-owner selection (store->owner chosen at store_init): owners are bound as a list; picking one needs the seeded Rng at init.
parity/ledger/store-bind.yaml	49	deferred			Town-level generation / store placement (the town map), and all of ui-store.c (the store UI).
parity/ledger/store-maint.yaml	46	deferred			The buy/sell/stash/retrieve TRANSACTIONS (do_cmd_buy / do_cmd_sell / do_cmd_retrieve / do_cmd_stash) and home_carry are now PORTED in store/transact.ts (ledgered in store-transact.yaml), built on the player pack model in game/gear.ts. store_carry here still always takes fresh store-generated objects (the non-carried value branch); the player-carried value branch (object_value on a carried object) 
parity/ledger/store-maint.yaml	53	deferred			store_stock_list / earlier_object: the display sort order (UI concern).
parity/ledger/store-maint.yaml	54	deferred			store_update / daycount: the return-to-town multi-day maintenance and shopkeeper shuffle probability (needs the game clock).
parity/ledger/store-maint.yaml	56	deferred			The town-book expansion of alwaysBookTvals (needs class-book metadata, see store-bind.yaml) so the bookseller's always list is still short by its books.
parity/ledger/store-price.yaml	26	deferred			The buy/sell COMMANDS (do_cmd_buy / do_cmd_sell), stock maintenance and the store UI is the shell's (web/src/shop.ts); price_item is only the price computation.
parity/ledger/store-transact.yaml	47	deferred			The rune learn-on-transaction loop (object_learn_unknown_rune / player_know_object until object_fully_known) that do_cmd_buy and do_cmd_sell run: it needs the knowledge/display system and the obj->known twin (task #13). Flavor awareness AND the rune learn loop are both applied, on both sides of the counter (store/transact.ts:20-25).
parity/ledger/store-transact.yaml	52	deferred			The obj->known twin throughout (known_obj copies, bought->known / picked_ item->known assignments), consistent with the rest of the object port.
parity/ledger/store-transact.yaml	54	deferred			p->upkeep->total_weight, the PU_/PN_/PR_ update-notice-redraw masks, the EVENT_STORECHANGED / EVENT_INVENTORY / EVENT_EQUIPMENT signals, and handle_stuff / notice_stuff: UI/upkeep bookkeeping.
parity/ledger/store-transact.yaml	57	deferred			The verbal flavor (purchase_analyze / comment_accept / comment_* tables and the msg lines): store UI, not economics.
parity/ledger/store-transact.yaml	59	deferred			autoinscription (apply_autoinscription) and the artifact auto-history (history_find_artifact / history_lose_artifact on sale).
parity/ledger/store-transact.yaml	61	deferred			The OF_STICKY guard reads the object's own flags; the curse -> flags propagation for live objects lands with the curse-on-object application path, so at the baseline only intrinsically-sticky items are refused (conservative: no base item is intrinsically sticky).
parity/ledger/ui-display.yaml	91	deferred			DisplayDeps seams (defaults chosen for a freshly born headless character; the session wires the real values):
parity/ledger/ui-display.yaml	93	deferred			hitpointWarn (default 3 = DEFAULT_HITPOINT_WARN): op_ptr->hitpoint_warn; the options store IS ported (player/options.ts, GameState.options).
parity/ledger/ui-display.yaml	95	deferred			effectiveSpeed (default false): OPT(player, effective_speed).
parity/ledger/ui-display.yaml	96	deferred			birthFeelings (default true): OPT(player, birth_feelings).
parity/ledger/ui-display.yaml	97	deferred			feelingNeed (default 10): z_info->feeling_need (constants.txt).
parity/ledger/ui-display.yaml	98	deferred			timedEffects (default []): the timed_effects[] table (player/bind.ts, TMD-indexed); [] means prt_tmd names nothing.
parity/ledger/ui-display.yaml	100	deferred			statUse (default: modify_stat_value(stat_cur, race+class adj)): player->state.stat_use. No computed player_state is stored on GameState, so the fallback omits equipment and timed-effect stat contributions.
parity/ledger/ui-display.yaml	103	deferred			numMoves (default 0): player->state.num_moves; PlayerCombatState omits num_moves, so prt_moves shows nothing by default.
parity/ledger/ui-display.yaml	105	deferred			healthWho (default state.healthWho): player->upkeep->health_who.
parity/ledger/ui-display.yaml	106	deferred			unignoring (default false): player->unignoring (not on the port Player).
parity/ledger/ui-display.yaml	107	deferred			isResting / restingCount (defaults false / 0): player_is_resting / player_resting_count. No resting seam exists in the headless core yet.
parity/ledger/ui-display.yaml	109	deferred			nRepeats (default 0): cmd_get_nrepeats (CommandQueue.getNRepeats exists in cmd.ts but is not threaded onto GameState).
parity/ledger/ui-display.yaml	111	deferred			wizard / totalWinner (defaults false): player->wizard / player->total_winner (UI/debug members, not on the port Player); the lev > PY_MAX_LEVEL winner branch IS live.
parity/ledger/ui-display.yaml	114	deferred			bookHasUnlearnedSpells (default true): player_book_has_unlearned_spells (needs the spellbook pack, not on GameState).
parity/ledger/ui-display.yaml	116	deferred			objectAttr / objectChar (defaults colorCharToAttr(kind.dAttr) / kind.dChar): object_attr / object_char. The flavour-aware and pref (x_attr/x_char) overrides, and the big-tile clear, are presentation concerns each shell supplies.
parity/ledger/ui-display.yaml	120	deferred			prt_ac reads player->known_state (rune-gated display state); the port uses the real combat state (actor.combat.ac + toA), so an unknown +to_a rune is not hidden from the AC total. The known_state / real-state distinction is the same deferral tracked in obj-desc.yaml.
parity/ledger/ui-display.yaml	124	deferred			The draw half is not ported at all: update_sidebar priority culling and from-bottom placement (L866-889), update_topbar / SIDEBAR_TOP and the short-form handlers (prt_*_short, L561-655), hp_colour_change (L897), and every Term_* / put_str / c_put_str positioning call.
parity/ledger/ui-entry.yaml	107	deferred			Per-object known twin (obj->known) is not ported (see obj/knowledge.ts L22-27), so compute_ui_entry_values_for_object uses the REAL object's flags/modifiers/el_info gated by the player's rune knowledge (p.objKnown) as the object_flag_is_known / object_element_is_known stand-in - the same known_state deferral char-sheet.yaml / obj-desc.yaml took. An unknown rune on a present object still yields UI_
parity/ledger/ui-entry.yaml	114	deferred			The upstream separate curse-object iteration (compute L833-863) is NOT ported: the port's curse model differs (curse data is merged into the object's own flags/modifiers/el_info by obj/object.ts mergeCurses), so computeObjectValues reads the object's own combined properties and does not walk obj->curses.
parity/ledger/ui-entry.yaml	118	deferred			UiEntryDeps seams (defaults reproduce a headless character with no active timed effects; a session wires the computed player_state):
parity/ledger/ui-entry.yaml	120	deferred			timedObjectFlags (default empty FlagSet): player_flags_timed(p) (player.c L310, the OF-flag dups of active timed effects). The ported timed registry carries no oflag_dup field, so timed OF-flag contributions default to none; OF_TRAP_IMMUNE IS still added from p.timed[TMD_TRAPSAFE] directly.
parity/ledger/ui-entry.yaml	124	deferred			timedElementEffect (default () => 0): get_timed_element_effect(p, elem) (ui-entry.c L1357) - 1 if a timed effect grants a temp resist. The ported timed registry carries no temp_resist field, so timed element resists default to none.
parity/ledger/ui-entry.yaml	128	deferred			playerHas (default reads p.pflags if present, else false): player_has(p, PF_*) (player.h L440, pf_has(p->state.pflags)). The port has no computed state.pflags, so the "player"-type abilities (only FAST_SHOT and BRAVERY_30 in the data) contribute nothing by default.
parity/ledger/ui-entry.yaml	132	deferred			PF_FAST_SHOT (compute L974) needs the equipped launcher and KF_SHOOTS_ARROWS; that launcher-slot reach is deferred, so its contribution is 0 (BRAVERY_30's p.lev >= 30 branch IS live).
parity/ledger/ui-entry.yaml	135	deferred			The show_combined path and the EQUIPCMP_SCREEN (equippable-comparison) rendering are not wired: characterGrid drives CHAR_SCREEN1 only (the char screen always sets show_combined = false and alternate_color_first = false, so no combined cell is produced - the combined value only colours the row label). The EQUIPCMP_SCREEN category is compiled and bound but not iterated.
parity/ledger/ui-entry.yaml	140	deferred			Per-category priority overrides are not reconstructable: the pack compiler erases the intra-record order of category vs priority lines, so a priority set after a specific category cannot be attributed to it. The shipped ui_entry.txt / ui_entry_base.txt never do this (priority always precedes any category, i.e. it sets the default priority), so every category inherits defaultPriority - faithful for
parity/ledger/ui-entry.yaml	146	deferred			The DRAW half stays with the shell: the Term_putch / Term_putstr / safe_queue_ chars row/col placement, region_erase, the value/label/combined position stepping (struct ui_entry_details positions), vertical labels, the equippy header (display_player_equippy L350) and the "abcdefgimnop@" / stat column headers.
parity/ledger/ui-player.yaml	68	deferred			The resist / ability / sustain grid is NOT ported here: it is the separate ui-entry.c slice. display_player_flag_info / display_resistance_panel (L379/L437) and display_player_sust_info (L521) all drive the ui_entry.c system (compute_ui_entry_values_for_object / _for_player, ui_entry_renderer_apply, char_sheet_config loaded from ui_entry.txt / ui_entry_renderers.txt) plus display_player_equippy. T
parity/ledger/ui-player.yaml	75	deferred			The combat panel reads player->known_state (the rune-gated display state) for ac / to_a / to_h / to_d / bless_wield and obj->known for the weapon dice and object_to_hit / object_to_dam. The port uses the REAL combat state (actor.combat) and the real weapon object, exactly the known_state / real-state deferral display.ts's prt_ac took (tracked in ui-display.yaml and obj-desc.yaml); an unknown rune 
parity/ledger/ui-player.yaml	81	deferred			CharSheetDeps seams (defaults chosen for a freshly born headless character; the session wires the real player_state values):
parity/ledger/ui-player.yaml	83	deferred			fullName (default ""): player->full_name; the port Player has no name field (only history).
parity/ledger/ui-player.yaml	85	deferred			restingTurn (default 0): player->resting_turn (not on the port Player).
parity/ledger/ui-player.yaml	86	deferred			weightRemaining (default 0): weight_remaining(player); the encumbrance formula is ported (weightLimit, player/calcs.ts:493) and Burden reads upkeep.totalWeight (game/char-sheet.ts:409); a caller with no derived state still shows 0.0 lb and Burden colours L_GREEN by default.
parity/ledger/ui-player.yaml	91	deferred			numShots (default 0): player->state.num_shots; PlayerCombatState omits it.
parity/ledger/ui-player.yaml	92	deferred			seeInfra (default player->race->infravision): player->state.see_infra; calc_bonuses seeds it from the race at birth, so the racial infra is the faithful headless default.
parity/ledger/ui-player.yaml	95	deferred			statAdd (default all-zero): player->state.stat_add - the equipment stat bonuses; no computed player_state is stored.
parity/ledger/ui-player.yaml	97	deferred			statTop (default modify_stat_value(stat_max, race+class adj)): player->state.stat_top; equipment and timed contributions come from calcBonuses (calcs.ts:844 and :1094-1104).
parity/ledger/ui-player.yaml	100	deferred			statUse (default modify_stat_value(stat_cur, race+class adj)): player->state.stat_use; same fallback as display.ts's statUse.
parity/ledger/ui-player.yaml	102	deferred			effectiveSpeed (default false): OPT(player, effective_speed).
parity/ledger/ui-player.yaml	103	deferred			wizard / totalWinner (defaults false): player->wizard / player->total_winner (UI/debug members, not on the port Player); the lev > PY_MAX_LEVEL winner branch of show_title IS live.
parity/ledger/ui-player.yaml	106	deferred			meleeWeapon (default state.actor.weapon): equipped_item_by_slot_name( player, "weapon").
parity/ledger/ui-player.yaml	108	deferred			launcher (default null): equipped_item_by_slot_name(player, "shooting"); actor carries no launcher-slot accessor yet, so ranged dam/hit show the base (0 / to_h) by default.
parity/ledger/ui-player.yaml	111	deferred			Members read directly off the port (NOT seams, listed for clarity): player.age / ht / wt / maxDepth / lev / maxLev / exp / maxExp / au / chp / mhp / csp / msp, player.upkeep.totalWeight (Burden), state.turn (Game), state.actor.totalEnergy (Standard), state.actor.speed, state.chunk.depth (the disarm depth adjustment), actor.combat.{ac,toA,toH,toD,blessWield, numBlows,skills}.
parity/ledger/ui-player.yaml	117	deferred			The draw half lives in the front end, on a canvas: web/src/charsheet.ts draws the panels and the "Self/RB/CB/EB/Best" columns (charsheet.ts:3, :12). display_panel's column arithmetic, the panels[] region bounds (L849) and the Term_* placement of display_player_xtra_info have no analogue in a renderer that lays out from a model.
parity/ledger/wizard-debug.yaml	137	deferred			src/wiz-spoil.c (749 lines): the obj / monster / artifact spoiler-file generators. Pure offline dev tooling that writes files; low value for a play port. Deferred entirely.
parity/ledger/wizard-debug.yaml	140	deferred			The three Monte-Carlo statistics collectors: do_cmd_wiz_collect_disconnect_ stats (L585), do_cmd_wiz_collect_obj_mon_stats (L622), do_cmd_wiz_collect_ pit_stats (L671), and their src/wiz-stats.c backends (disconnect_stats / stats_collect / pit_stats). They run thousands of level generations to gather histograms - heavy, low value for a play port. Deferred (omitted).
parity/ledger/wizard-debug.yaml	145	deferred			do_cmd_wiz_stat_item (L2386): a TEST_ROLL = 100000 make_object rarity sampler. Same rationale as the stats collectors (a heavy Monte-Carlo sampler); deferred.
parity/ledger/wizard-debug.yaml	148	deferred			The pure interactive shells, whose non-UI sub-actions ARE ported as standalone functions:
parity/ledger/wizard-debug.yaml	150	deferred			do_cmd_wiz_play_item (L1596): the [a]ccept/[s]tatistics/[r]eroll/[t]weak/ [c]urse/[q]uantity/[k]nown menu that queues the sub-commands. The menu and its screen_save/get_com keypress loop are UI; the sub-actions it dispatches to are ported as standalone functions (wizRerollItem, wizTweakItem, wizCurseItem) except change_item_quantity (deferred below).
parity/ledger/wizard-debug.yaml	155	deferred			wiz_display_item (L190): the Term_clear / prt / prt_binary flag dump. Pure Term rendering.
parity/ledger/wizard-debug.yaml	157	deferred			do_cmd_wiz_edit_player_start (L1202) / _stat (queued form): the command- queue orchestration that chains the stat/gold/exp edits with the static edit_player_state machine. The individual edits are ported (wizEditPlayerStat / wizEditPlayerGold / wizEditPlayerExp); the queue-chaining shell is UI.
parity/ledger/wizard-debug.yaml	161	deferred			do_cmd_wiz_perform_effect (L1524): the free-form effect prompt (name, dice, subtype, radius, other, y, x). Pure prompt UI over effect_simple, which is already reachable; not ported as a distinct action.
parity/ledger/wizard-debug.yaml	164	deferred			do_cmd_wiz_change_item_quantity (L484): NOT ported this slice. The action is a stack-size setter with MAX_PVAL / quiver-slot / charge-timeout scaling; it is only reached from the play_item menu (also deferred) and its limit math leans on quiver/charge helpers. Deferred with the play_item shell; low standalone value.
parity/ledger/wizard-debug.yaml	169	deferred			do_cmd_wiz_quit_no_save (L2149): quit("user choice") - a process-exit action, not game state. Not ported (the shell owns process lifetime).
parity/ledger/wizard-debug.yaml	171	deferred			mark_artifact_created (obj-mark) in the artifact create path: the port has no artifact-created registry yet (obj/make.ts makeArtifact is a stub that always fails, as if every artifact were already generated). wizCreateObjectFromArtifact instantiates the artifact but does not record it as created; when artifact upkeep lands, this call site should mark it.
parity/ledger/wizard-debug.yaml	176	deferred			do_cmd_wiz_jump_level's NOSCORE_JUMPING flag, choose_profile (cave-profile selection) and the energy_use nudge: no player noscore field, no cave-profile picker, and the port's level-change model does not need the energy nudge.
parity/ledger/wizard-debug.yaml	179	deferred			The map-highlight redraw halves of query_feature / query_square_flag / peek_noise_scent (wiz_hack_map + print_rel + prt_map + inkey) and the HTML file write of dump_level_map: presentation (#25) / file I/O. Only the DATA (the grids / the feature grid) is returned.
parity/ledger/wizard-debug.yaml	183	deferred			Web hook: SKIPPED. The wizard actions need the full engine deps bundle (makeDeps / the effect stack / trapDeps / monPlace), which session/game.ts builds internally and startGame does not return, and the web Player carries no noscore/options wizard toggle (packages/web/src/main.ts L487-488). Exposing a wizard hook would mean plumbing those deps out of the session assembly - not the minimal, low-ris
